GSM,ThreadDensity,TensileStrength,Shrinkage,AirPermeability,Thickness,Quality
182.0,165.0,557.0,2.69,233.0,0.41,Medium
186.0,142.0,579.0,6.54,687.0,0.13,Medium
151.0,140.0,857.0,5.34,695.0,0.59,Medium
268.0,131.0,649.0,9.44,442.0,0.45,Medium
100.0,117.0,785.0,3.96,769.0,0.19,Low
182.0,163.0,662.0,6.94,385.0,0.82,Medium
201.0,50.0,307.0,4.89,413.0,0.92,Low
294.0,107.0,321.0,5.13,705.0,0.78,Medium
167.0,158.0,216.0,2.68,396.0,0.84,Low
179.0,197.0,395.0,4.55,705.0,0.29,Medium
231.0,165.0,526.0,4.71,668.0,0.34,Medium
210.0,136.0,517.0,7.07,263.0,0.29,Medium
229.0,59.0,678.0,9.41,596.0,0.79,Low
337.0,108.0,451.0,3.29,709.0,0.95,Medium
271.0,90.0,702.0,0.42,115.0,0.75,Medium
240.0,154.0,318.0,4.96,443.0,0.89,Medium
101.0,182.0,873.0,5.44,177.0,0.67,Medium
332.0,171.0,909.0,1.68,445.0,0.45,High
315.0,194.0,697.0,7.6,171.0,0.48,High
128.0,71.0,685.0,9.85,369.0,0.17,Low
138.0,147.0,244.0,9.46,386.0,0.13,Low
249.0,117.0,513.0,1.97,165.0,0.73,Medium
267.0,188.0,378.0,8.75,167.0,0.49,Medium
269.0,105.0,617.0,7.04,292.0,0.6,Medium
254.0,198.0,755.0,4.54,154.0,0.6,High
130.0,148.0,982.0,5.41,478.0,0.35,Medium
134.0,125.0,277.0,8.5,267.0,0.53,Low
323.0,75.0,525.0,4.8,508.0,0.52,Medium
210.0,164.0,889.0,3.73,607.0,0.45,Medium
214.0,196.0,556.0,4.93,636.0,0.84,Medium
100.0,158.0,615.0,5.79,742.0,0.51,Low
246.0,96.0,714.0,1.89,201.0,0.64,Medium
168.0,120.0,413.0,9.01,521.0,0.91,Low
93.0,89.0,273.0,6.74,577.0,0.88,Low
344.0,198.0,778.0,0.99,390.0,0.34,High
132.0,181.0,708.0,6.04,587.0,0.13,Medium
171.0,72.0,531.0,1.21,260.0,0.33,Low
343.0,155.0,1168.0,0.79,772.0,0.35,Medium
114.0,133.0,887.0,5.27,177.0,0.92,Medium
285.0,192.0,856.0,4.71,137.0,0.68,High
160.0,165.0,718.0,5.89,493.0,0.17,Medium
129.0,158.0,468.0,0.89,540.0,0.22,Low
81.0,185.0,575.0,4.31,639.0,0.24,Low
133.0,90.0,203.0,1.75,561.0,0.67,Low
185.0,161.0,337.0,9.87,711.0,0.76,Low
339.0,196.0,430.0,5.61,393.0,0.87,High
270.0,161.0,799.0,6.87,499.0,0.95,Medium
123.0,95.0,609.0,0.95,191.0,0.38,Low
281.0,171.0,922.0,2.86,105.0,0.42,High
349.0,64.0,524.0,4.71,780.0,0.92,Medium
294.0,178.0,609.0,6.5,370.0,0.62,High
331.0,160.0,916.0,0.25,719.0,0.76,High
269.0,73.0,922.0,8.1,658.0,0.54,Medium
292.0,76.0,476.0,5.37,198.0,0.13,Medium
287.0,89.0,735.0,2.78,625.0,0.16,Medium
316.0,73.0,685.0,0.62,293.0,0.58,Medium
132.0,73.0,715.0,1.62,256.0,0.75,Low
296.0,53.0,351.0,8.95,765.0,0.29,Low
331.0,116.0,682.0,6.86,214.0,0.75,Medium
267.0,83.0,458.0,2.5,495.0,0.83,Medium
215.0,165.0,523.0,0.66,756.0,0.47,Medium
236.0,72.0,367.0,6.91,621.0,0.77,Low
94.0,158.0,887.0,5.72,313.0,0.46,Medium
144.0,118.0,509.0,4.05,782.0,0.71,Low
88.0,144.0,678.0,3.64,632.0,0.79,Low
208.0,111.0,255.0,2.17,114.0,0.99,Low
215.0,126.0,819.0,6.7,518.0,0.41,Medium
142.0,103.0,672.0,9.71,467.0,0.47,Low
218.0,119.0,495.0,1.76,737.0,0.25,Medium
160.0,150.0,660.0,5.97,312.0,0.28,Medium
242.0,106.0,523.0,4.24,799.0,0.72,Medium
340.0,187.0,340.0,4.47,783.0,0.93,Medium
310.0,184.0,866.0,2.54,104.0,0.46,High
120.0,152.0,461.0,8.25,330.0,0.26,Low
107.0,134.0,984.0,4.85,300.0,0.36,Medium
214.0,110.0,619.0,5.43,501.0,0.51,Medium
280.0,52.0,943.0,3.05,248.0,0.36,Medium
347.0,177.0,440.0,1.82,683.0,0.31,High
112.0,135.0,554.0,0.86,591.0,0.76,Low
127.0,96.0,969.0,7.14,325.0,0.11,Medium
141.0,125.0,960.0,1.96,685.0,0.59,Medium
295.0,87.0,788.0,6.9,268.0,0.81,Medium
215.0,190.0,379.0,3.9,251.0,0.34,Medium
251.0,136.0,265.0,4.16,323.0,0.64,Medium
293.0,107.0,547.0,4.69,603.0,0.7,Medium
114.0,99.0,370.0,3.68,649.0,0.69,Low
306.0,79.0,673.0,1.01,143.0,0.5,Medium
180.0,150.0,733.0,3.1,796.0,0.41,Medium
210.0,74.0,566.0,6.64,603.0,0.85,Low
336.0,126.0,306.0,6.66,340.0,0.78,Medium
84.0,175.0,638.0,2.86,450.0,0.39,Low
297.0,126.0,426.0,4.6,122.0,0.19,Medium
334.0,96.0,643.0,1.93,735.0,0.16,High
286.0,167.0,641.0,2.1,697.0,0.18,High
94.0,88.0,595.0,4.71,142.0,0.62,Low
121.0,65.0,927.0,8.97,565.0,0.15,Low
258.0,71.0,780.0,2.11,139.0,0.4,Medium
310.0,198.0,814.0,2.8,780.0,0.36,High
320.0,65.0,750.0,1.27,274.0,0.79,Medium
131.0,108.0,212.0,6.39,631.0,0.77,Low
215.0,126.0,892.0,0.75,560.0,0.32,Medium
301.0,81.0,692.0,1.34,720.0,0.76,Medium
310.0,58.0,467.0,6.45,292.0,0.77,Medium
316.0,188.0,724.0,3.4,343.0,0.46,High
222.0,59.0,319.0,7.08,379.0,0.29,Low
250.0,66.0,552.0,5.57,135.0,0.57,Medium
108.0,117.0,256.0,2.56,656.0,0.93,Low
115.0,97.0,239.0,6.51,639.0,0.68,Low
92.0,160.0,535.0,1.16,253.0,0.26,Low
266.0,198.0,372.0,4.37,190.0,0.48,Medium
322.0,150.0,746.0,2.68,489.0,0.63,High
165.0,151.0,458.0,6.04,458.0,0.76,Low
145.0,114.0,716.0,8.71,649.0,0.56,Low
249.0,100.0,929.0,9.99,327.0,0.83,Medium
124.0,85.0,609.0,6.08,301.0,0.75,Low
141.0,130.0,316.0,4.05,449.0,0.65,Low
213.0,176.0,383.0,2.25,137.0,0.24,Medium
187.0,153.0,361.0,4.79,798.0,0.94,Low
123.0,64.0,778.0,3.67,142.0,0.22,Low
207.0,145.0,911.0,9.14,725.0,0.54,Medium
269.0,50.0,786.0,3.73,167.0,0.78,Medium
304.0,171.0,436.0,3.84,222.0,0.75,Medium
200.0,175.0,265.0,4.71,784.0,0.23,Low
195.0,106.0,269.0,6.51,435.0,0.89,Low
312.0,130.0,646.0,6.14,252.0,0.26,Medium
338.0,122.0,615.0,3.34,768.0,0.82,High
277.0,190.0,731.0,8.18,261.0,0.51,Medium
216.0,119.0,640.0,0.38,313.0,0.4,Medium
244.0,55.0,609.0,8.71,475.0,0.24,Medium
304.0,133.0,663.0,5.13,542.0,0.25,Medium
313.0,101.0,595.0,3.98,522.0,0.7,Medium
215.0,52.0,910.0,4.97,637.0,0.6,Medium
231.0,126.0,750.0,4.71,733.0,0.21,Medium
239.0,112.0,856.0,0.13,329.0,0.2,Medium
175.0,98.0,756.0,8.72,158.0,0.17,Low
312.0,125.0,594.0,4.47,195.0,0.77,Medium
192.0,158.0,290.0,1.38,453.0,0.15,Medium
131.0,114.0,949.0,4.39,411.0,0.6,Medium
347.0,130.0,269.0,4.96,235.0,0.18,Medium
192.0,64.0,365.0,4.04,572.0,0.91,Low
180.0,149.0,841.0,6.79,731.0,0.92,Medium
160.0,145.0,800.0,9.61,636.0,0.93,Medium
266.0,177.0,534.0,5.99,245.0,0.83,Medium
192.0,195.0,963.0,8.07,623.0,0.85,Medium
81.0,162.0,568.0,1.09,186.0,0.61,Low
209.0,132.0,783.0,3.97,208.0,0.38,Medium
299.0,92.0,876.0,3.37,522.0,0.3,High
133.0,165.0,248.0,5.69,444.0,0.39,Low
303.0,127.0,251.0,8.61,365.0,0.67,Medium
304.0,107.0,488.0,0.78,685.0,0.26,Medium
205.0,82.0,989.0,0.73,593.0,0.33,Medium
209.0,63.0,825.0,8.5,432.0,0.52,Medium
132.0,181.0,438.0,2.13,512.0,0.31,Low
251.0,108.0,332.0,6.69,713.0,0.63,Low
297.0,132.0,985.0,5.43,748.0,0.93,High
239.0,183.0,365.0,8.33,290.0,0.77,Medium
277.0,170.0,609.0,1.25,241.0,0.7,Medium
326.0,132.0,572.0,1.3,172.0,0.62,High
282.0,76.0,677.0,5.57,266.0,0.54,Medium
263.0,129.0,954.0,9.46,267.0,0.27,Medium
202.0,183.0,678.0,4.15,665.0,0.91,Medium
334.0,62.0,849.0,3.27,358.0,0.32,High
177.0,126.0,790.0,6.07,538.0,0.18,Medium
277.0,196.0,609.0,9.3,210.0,0.78,High
319.0,129.0,834.0,8.37,772.0,0.26,High
223.0,172.0,887.0,9.95,630.0,0.43,Medium
176.0,92.0,499.0,0.23,389.0,0.13,Low
280.0,138.0,281.0,1.13,661.0,0.22,Medium
203.0,197.0,286.0,6.09,609.0,0.26,Medium
338.0,51.0,215.0,2.85,401.0,0.69,Medium
227.0,169.0,557.0,2.39,795.0,0.85,Medium
331.0,71.0,362.0,7.87,284.0,0.44,Medium
226.0,164.0,809.0,0.56,438.0,0.89,High
227.0,106.0,867.0,3.69,609.0,0.29,Medium
278.0,126.0,713.0,5.06,409.0,0.39,Medium
207.0,56.0,549.0,5.6,606.0,0.24,Low
215.0,168.0,880.0,7.29,445.0,0.66,Medium
208.0,126.0,663.0,3.55,180.0,0.48,Medium
346.0,65.0,574.0,6.13,473.0,0.65,Medium
230.0,132.0,291.0,5.85,255.0,0.79,Low
178.0,121.0,380.0,5.48,531.0,0.59,Low
342.0,173.0,942.0,6.4,599.0,0.66,High
331.0,162.0,500.0,2.59,246.0,0.94,High
223.0,61.0,859.0,0.85,580.0,0.37,Medium
191.0,175.0,991.0,1.19,534.0,0.42,High
139.0,102.0,388.0,2.25,618.0,0.75,Low
215.0,124.0,513.0,5.0,768.0,0.65,Low
333.0,182.0,692.0,8.4,782.0,0.26,High
219.0,76.0,327.0,7.01,168.0,0.44,Low
116.0,189.0,718.0,7.89,705.0,0.52,Medium
239.0,194.0,625.0,3.51,285.0,0.48,Medium
88.0,183.0,758.0,4.05,781.0,0.26,Medium
312.0,146.0,764.0,3.94,303.0,0.93,High
178.0,54.0,386.0,1.92,653.0,0.79,Low
226.0,106.0,749.0,0.61,112.0,0.53,Medium
287.0,127.0,652.0,4.71,765.0,0.71,Medium
210.0,118.0,670.0,9.89,373.0,0.91,Medium
231.0,167.0,937.0,1.67,397.0,0.22,High
133.0,169.0,764.0,0.47,150.0,0.33,Medium
199.0,108.0,423.0,7.8,599.0,0.59,Low
240.0,82.0,353.0,2.53,468.0,0.82,Low
195.0,111.0,759.0,8.3,755.0,0.13,Medium
154.0,99.0,550.0,7.04,456.0,0.99,Low
192.0,161.0,346.0,9.46,102.0,0.51,Low
183.0,68.0,775.0,4.09,353.0,0.42,Medium
333.0,172.0,548.0,6.62,574.0,0.36,High
191.0,82.0,836.0,6.31,355.0,0.81,Medium
178.0,190.0,378.0,4.5,709.0,0.96,Medium
232.0,133.0,238.0,1.89,784.0,0.47,Medium
273.0,184.0,971.0,5.08,249.0,0.96,High
242.0,128.0,202.0,5.29,587.0,0.84,Low
287.0,63.0,263.0,8.11,378.0,0.53,Low
248.0,196.0,228.0,7.36,158.0,0.71,Medium
240.0,177.0,571.0,6.64,545.0,0.49,Medium
147.0,103.0,609.0,1.13,212.0,0.6,Medium
214.0,197.0,296.0,7.21,668.0,0.15,Medium
274.0,78.0,641.0,5.0,588.0,0.73,Medium
207.0,73.0,402.0,8.94,506.0,0.15,Low
112.0,131.0,610.0,4.71,466.0,0.84,Low
255.0,112.0,220.0,0.55,159.0,0.84,Medium
101.0,154.0,750.0,8.21,428.0,0.31,Low
317.0,126.0,934.0,0.38,568.0,0.39,High
237.0,185.0,301.0,3.67,666.0,0.53,Medium
117.0,126.0,245.0,5.42,162.0,0.64,Low
309.0,66.0,265.0,1.48,283.0,0.36,Medium
130.0,115.0,802.0,7.46,410.0,0.63,Low
343.0,55.0,363.0,0.08,637.0,0.37,Medium
106.0,107.0,310.0,1.69,276.0,0.15,Low
305.0,118.0,537.0,5.81,674.0,0.1,Medium
176.0,111.0,322.0,7.14,528.0,0.19,Low
226.0,131.0,904.0,9.17,172.0,0.81,Medium
83.0,120.0,646.0,7.05,266.0,0.97,Low
114.0,180.0,810.0,6.72,324.0,0.48,Medium
271.0,59.0,490.0,3.94,676.0,0.56,Medium
128.0,147.0,870.0,0.01,680.0,0.23,Medium
96.0,138.0,611.0,1.2,108.0,0.6,Low
251.0,84.0,814.0,5.35,335.0,0.23,Medium
299.0,51.0,480.0,6.75,784.0,0.65,Medium
237.0,173.0,242.0,4.17,127.0,0.94,Medium
125.0,73.0,685.0,7.31,745.0,0.28,Low
85.0,123.0,795.0,4.71,126.0,0.79,Low
178.0,71.0,902.0,0.74,649.0,0.12,Medium
312.0,88.0,250.0,1.92,295.0,0.44,Medium
116.0,69.0,409.0,8.4,302.0,0.2,Low
260.0,90.0,325.0,7.25,184.0,0.42,Low
174.0,197.0,691.0,8.95,129.0,0.26,Medium
178.0,157.0,708.0,1.18,565.0,0.44,Medium
267.0,196.0,780.0,9.9,198.0,0.48,Medium
195.0,133.0,976.0,2.09,289.0,0.37,Medium
270.0,160.0,457.0,0.12,111.0,0.69,Medium
332.0,115.0,387.0,9.97,702.0,0.93,Medium
240.0,102.0,429.0,2.81,129.0,0.46,Medium
335.0,83.0,388.0,6.68,137.0,0.27,Medium
207.0,199.0,614.0,1.77,671.0,0.34,Medium
97.0,116.0,209.0,5.8,393.0,0.87,Low
302.0,183.0,313.0,9.04,459.0,0.61,Medium
133.0,76.0,275.0,3.2,754.0,0.51,Low
137.0,59.0,875.0,6.7,279.0,0.23,Low
253.0,122.0,701.0,1.88,211.0,0.5,Medium
193.0,145.0,284.0,6.25,543.0,0.35,Low
230.0,97.0,248.0,3.36,120.0,0.95,Low
206.0,119.0,694.0,2.11,244.0,0.9,Medium
234.0,149.0,888.0,3.13,598.0,0.18,High
325.0,51.0,588.0,9.02,540.0,0.3,Medium
255.0,114.0,417.0,3.97,520.0,0.47,Medium
118.0,132.0,900.0,2.45,415.0,0.89,Medium
249.0,59.0,545.0,4.71,265.0,0.57,Medium
326.0,102.0,429.0,3.21,751.0,0.4,Medium
105.0,128.0,454.0,7.44,302.0,0.29,Low
92.0,108.0,435.0,9.71,595.0,0.82,Low
115.0,199.0,225.0,4.38,724.0,0.66,Low
215.0,97.0,783.0,8.61,567.0,0.52,Medium
99.0,198.0,460.0,5.66,484.0,0.3,Low
343.0,172.0,965.0,1.57,413.0,0.4,High
221.0,71.0,470.0,6.91,354.0,0.96,Low
222.0,149.0,322.0,5.13,122.0,0.57,Low
171.0,147.0,855.0,6.51,438.0,0.46,Medium
294.0,74.0,456.0,8.9,592.0,0.57,Medium
130.0,77.0,855.0,4.4,610.0,0.8,Low
232.0,162.0,620.0,9.01,465.0,0.41,Medium
265.0,94.0,458.0,7.51,471.0,0.26,Medium
142.0,117.0,246.0,4.89,698.0,0.63,Low
269.0,56.0,724.0,6.03,318.0,0.7,Medium
204.0,98.0,407.0,3.26,574.0,0.74,Low
229.0,186.0,510.0,9.84,522.0,0.89,Medium
137.0,132.0,946.0,6.67,455.0,0.43,Medium
215.0,178.0,348.0,0.44,559.0,0.17,Medium
249.0,187.0,637.0,3.27,602.0,0.96,Medium
133.0,122.0,609.0,6.23,126.0,0.49,Low
180.0,95.0,877.0,0.56,322.0,0.66,Medium
343.0,155.0,289.0,0.24,789.0,0.7,Medium
132.0,81.0,897.0,4.5,247.0,0.59,Medium
139.0,126.0,557.0,3.33,523.0,0.28,Low
187.0,194.0,373.0,4.71,450.0,0.78,Medium
84.0,123.0,416.0,2.63,285.0,0.82,Low
182.0,163.0,655.0,1.65,514.0,0.6,Medium
275.0,76.0,975.0,6.89,528.0,0.54,Medium
341.0,103.0,808.0,5.15,140.0,0.2,High
126.0,134.0,828.0,2.0,492.0,0.18,Medium
223.0,176.0,398.0,3.2,178.0,0.41,Medium
348.0,160.0,685.0,5.92,643.0,0.38,High
203.0,64.0,732.0,0.72,549.0,0.96,Medium
185.0,181.0,399.0,1.47,573.0,0.81,Medium
237.0,142.0,570.0,0.73,241.0,0.69,Medium
226.0,172.0,647.0,4.71,350.0,0.57,Medium
224.0,122.0,447.0,7.52,393.0,0.25,Low
199.0,196.0,987.0,7.53,709.0,0.98,Medium
171.0,126.0,463.0,7.16,235.0,0.44,Low
137.0,66.0,257.0,6.69,583.0,0.2,Low
308.0,92.0,501.0,4.77,411.0,0.54,Medium
196.0,126.0,230.0,6.42,654.0,0.89,Low
206.0,90.0,697.0,0.38,731.0,0.9,Medium
215.0,88.0,448.0,6.21,145.0,0.11,Low
215.0,162.0,804.0,7.78,335.0,0.9,Medium
201.0,160.0,976.0,5.0,147.0,0.34,Medium
80.0,96.0,470.0,3.58,297.0,0.14,Low
318.0,112.0,805.0,2.77,183.0,0.86,High
175.0,159.0,865.0,6.43,642.0,0.88,Medium
197.0,92.0,996.0,8.71,527.0,0.62,Medium
127.0,83.0,701.0,3.42,170.0,0.83,Low
316.0,110.0,283.0,5.61,151.0,0.9,Medium
268.0,111.0,564.0,8.83,144.0,0.6,Medium
271.0,107.0,748.0,5.28,392.0,0.97,Medium
148.0,124.0,541.0,5.18,564.0,1.0,Low
326.0,65.0,606.0,5.78,649.0,0.2,Medium
233.0,143.0,943.0,9.65,577.0,0.55,Medium
223.0,97.0,292.0,0.74,361.0,0.45,Low
165.0,187.0,813.0,0.53,679.0,0.65,Medium
264.0,131.0,611.0,9.38,278.0,0.15,Medium
299.0,87.0,631.0,5.3,456.0,0.56,Medium
148.0,176.0,877.0,6.15,518.0,0.88,Medium
126.0,68.0,358.0,4.82,797.0,0.29,Low
173.0,112.0,213.0,0.94,300.0,0.48,Low
317.0,126.0,572.0,7.68,112.0,0.95,Medium
283.0,180.0,609.0,7.47,542.0,0.49,Medium
297.0,151.0,704.0,3.12,385.0,0.42,High
118.0,114.0,272.0,3.06,357.0,0.5,Low
179.0,169.0,448.0,8.38,669.0,0.57,Low
333.0,140.0,609.0,0.72,647.0,0.67,High
301.0,57.0,802.0,8.81,589.0,0.82,Medium
102.0,122.0,415.0,2.57,597.0,0.51,Low
329.0,183.0,801.0,5.93,432.0,0.84,High
89.0,156.0,740.0,9.36,661.0,0.58,Low
325.0,138.0,419.0,6.78,131.0,0.4,Medium
179.0,88.0,926.0,4.14,709.0,0.69,Medium
259.0,162.0,420.0,6.9,142.0,0.75,Medium
302.0,77.0,588.0,3.44,450.0,0.6,Medium
329.0,146.0,753.0,2.77,433.0,0.15,High
226.0,86.0,846.0,9.97,658.0,0.25,Medium
175.0,186.0,241.0,7.51,369.0,0.36,Low
336.0,131.0,875.0,6.45,512.0,0.35,High
83.0,105.0,482.0,3.55,674.0,0.71,Low
95.0,134.0,257.0,0.49,118.0,0.12,Low
326.0,51.0,736.0,0.31,446.0,0.78,Medium
337.0,107.0,272.0,5.54,712.0,0.34,Medium
239.0,156.0,328.0,7.62,136.0,0.38,Medium
231.0,172.0,798.0,5.37,718.0,0.58,Medium
257.0,163.0,625.0,8.41,191.0,0.29,Medium
242.0,156.0,864.0,0.33,284.0,0.9,High
112.0,86.0,893.0,3.67,127.0,0.18,Low
258.0,128.0,324.0,2.37,647.0,0.5,Medium
180.0,141.0,266.0,4.47,471.0,0.86,Low
347.0,67.0,205.0,0.72,629.0,0.65,Medium
144.0,147.0,836.0,9.54,444.0,0.36,Medium
247.0,112.0,513.0,2.23,518.0,0.48,Medium
122.0,199.0,525.0,9.22,295.0,0.74,Low
215.0,188.0,764.0,4.26,177.0,0.98,Medium
91.0,53.0,777.0,9.86,266.0,0.9,Low
174.0,184.0,705.0,5.54,189.0,0.41,Medium
332.0,110.0,281.0,9.31,363.0,1.0,Medium
321.0,156.0,798.0,0.05,571.0,0.1,High
114.0,103.0,201.0,7.48,307.0,0.12,Low
294.0,137.0,403.0,9.03,370.0,0.84,Medium
169.0,117.0,861.0,1.4,362.0,0.28,Medium
343.0,178.0,603.0,0.96,605.0,0.15,High
169.0,52.0,735.0,9.34,675.0,0.48,Low
194.0,170.0,567.0,5.42,623.0,0.76,Medium
184.0,178.0,411.0,5.27,411.0,0.66,Medium
275.0,151.0,776.0,1.41,273.0,0.31,High
193.0,87.0,408.0,0.01,530.0,0.55,Low
154.0,134.0,962.0,8.1,562.0,0.93,Medium
328.0,141.0,827.0,6.34,115.0,0.39,High
243.0,70.0,948.0,9.15,357.0,0.98,Medium
271.0,158.0,677.0,2.09,343.0,0.74,Medium
306.0,96.0,304.0,6.65,447.0,0.16,Medium
256.0,133.0,694.0,0.79,348.0,0.13,Medium
178.0,132.0,970.0,6.04,204.0,0.25,Medium
115.0,84.0,245.0,1.64,793.0,0.76,Low
215.0,118.0,530.0,7.36,766.0,0.27,Low
231.0,178.0,415.0,3.01,386.0,0.56,Medium
230.0,189.0,691.0,4.63,268.0,0.18,Medium
303.0,105.0,735.0,1.71,146.0,0.41,High
116.0,72.0,710.0,7.42,142.0,0.92,Low
347.0,70.0,657.0,3.03,420.0,0.95,Medium
262.0,110.0,746.0,6.62,320.0,0.11,Medium
92.0,112.0,735.0,4.71,612.0,0.52,Low
296.0,171.0,739.0,6.88,540.0,0.12,High
141.0,101.0,683.0,1.28,243.0,0.92,Medium
163.0,137.0,215.0,4.25,127.0,0.57,Low
296.0,104.0,770.0,2.47,652.0,0.17,Medium
266.0,95.0,442.0,7.48,758.0,0.2,Medium
98.0,81.0,406.0,2.62,789.0,0.45,Low
256.0,104.0,470.0,8.82,266.0,0.95,Low
179.0,145.0,960.0,8.92,734.0,0.72,Medium
312.0,182.0,978.0,4.71,685.0,0.88,High
155.0,85.0,904.0,6.14,348.0,0.43,Medium
285.0,155.0,314.0,3.92,210.0,0.98,Medium
302.0,107.0,779.0,7.13,791.0,0.12,Medium
131.0,88.0,498.0,6.59,799.0,0.95,Low
223.0,129.0,682.0,6.25,333.0,0.43,Medium
148.0,146.0,596.0,2.83,123.0,0.11,Medium
178.0,162.0,593.0,3.78,125.0,0.72,Medium
104.0,110.0,274.0,1.03,480.0,0.98,Low
132.0,186.0,681.0,7.19,445.0,0.97,Medium
230.0,55.0,302.0,5.04,477.0,0.24,Low
223.0,158.0,496.0,7.09,621.0,0.26,Medium
136.0,84.0,377.0,2.49,116.0,0.61,Low
118.0,88.0,414.0,3.24,344.0,0.67,Low
188.0,199.0,514.0,3.34,723.0,0.77,Medium
260.0,167.0,238.0,0.26,638.0,0.26,Medium
121.0,126.0,458.0,3.41,682.0,0.96,Low
265.0,136.0,915.0,8.03,787.0,0.67,Medium
302.0,125.0,824.0,8.97,301.0,0.86,Low
201.0,106.0,248.0,5.18,347.0,0.59,Low
212.0,176.0,737.0,4.56,217.0,0.47,Medium
242.0,78.0,360.0,0.31,108.0,0.98,Medium
294.0,136.0,375.0,8.79,697.0,0.62,Medium
300.0,190.0,790.0,0.13,122.0,0.88,High
314.0,95.0,201.0,9.45,339.0,0.96,Low
225.0,165.0,654.0,4.89,684.0,0.71,Medium
318.0,161.0,843.0,3.42,126.0,0.59,High
155.0,94.0,475.0,9.24,180.0,0.1,Low
88.0,194.0,697.0,0.24,695.0,0.14,Medium
153.0,153.0,828.0,5.81,298.0,0.28,Medium
309.0,183.0,999.0,2.19,191.0,0.33,High
86.0,157.0,227.0,4.29,183.0,0.37,Low
253.0,67.0,532.0,6.52,399.0,0.42,Medium
220.0,143.0,200.0,7.27,395.0,0.48,Low
247.0,199.0,387.0,0.01,746.0,0.19,Medium
249.0,126.0,255.0,9.37,553.0,0.14,Low
215.0,175.0,746.0,1.65,380.0,0.71,Medium
273.0,171.0,311.0,2.34,158.0,0.58,Medium
84.0,187.0,997.0,2.63,441.0,0.5,Medium
108.0,164.0,509.0,0.38,564.0,0.67,Low
244.0,77.0,235.0,1.23,441.0,0.84,Low
215.0,60.0,638.0,9.86,709.0,0.48,Low
224.0,96.0,928.0,3.15,161.0,0.68,Medium
296.0,176.0,791.0,1.15,724.0,0.96,High
211.0,196.0,794.0,1.07,528.0,0.86,High
149.0,167.0,776.0,7.19,757.0,0.48,Medium
331.0,126.0,524.0,8.55,355.0,0.68,Medium
261.0,175.0,839.0,2.57,446.0,0.26,High
246.0,121.0,506.0,0.21,625.0,0.6,Medium
170.0,156.0,733.0,2.23,403.0,0.98,Medium
281.0,186.0,927.0,0.57,714.0,0.57,High
98.0,82.0,818.0,1.03,344.0,0.93,Low
118.0,68.0,308.0,4.32,511.0,0.47,Low
252.0,147.0,556.0,5.16,615.0,0.62,Medium
220.0,190.0,380.0,2.53,573.0,0.14,Medium
321.0,178.0,555.0,9.41,135.0,0.63,Medium
299.0,142.0,875.0,9.06,277.0,0.35,High
205.0,97.0,267.0,5.67,486.0,0.13,Low
137.0,126.0,491.0,3.54,116.0,0.84,Low
227.0,110.0,891.0,3.81,147.0,0.35,Medium
80.0,88.0,380.0,4.12,161.0,0.82,Low
269.0,177.0,665.0,7.28,168.0,0.36,Medium
270.0,137.0,633.0,4.52,758.0,0.27,Medium
196.0,75.0,663.0,8.57,465.0,0.98,Low
213.0,66.0,880.0,9.44,261.0,0.43,Medium
137.0,120.0,733.0,3.36,587.0,0.64,Medium
123.0,62.0,265.0,5.61,530.0,0.65,Low
252.0,118.0,220.0,0.95,588.0,0.6,Medium
239.0,75.0,811.0,2.0,329.0,0.92,Medium
252.0,98.0,583.0,4.13,469.0,0.71,Medium
228.0,56.0,814.0,2.06,277.0,0.46,Medium
215.0,107.0,758.0,8.77,509.0,0.88,Low
292.0,98.0,238.0,1.58,667.0,0.26,Medium
282.0,152.0,484.0,4.56,689.0,0.59,Medium
331.0,102.0,801.0,6.06,369.0,0.96,High
243.0,66.0,984.0,3.83,181.0,0.84,Medium
306.0,74.0,535.0,8.69,292.0,0.69,Medium
226.0,180.0,609.0,5.68,717.0,0.86,Medium
99.0,78.0,870.0,4.4,288.0,0.95,Low
126.0,166.0,442.0,0.67,375.0,0.35,Low
312.0,75.0,272.0,4.65,173.0,0.25,Medium
93.0,173.0,678.0,8.21,109.0,0.54,Low
222.0,126.0,760.0,6.15,734.0,0.73,Medium
80.0,74.0,300.0,8.32,315.0,0.3,Low
133.0,103.0,713.0,4.94,389.0,0.1,Low
338.0,122.0,955.0,1.18,544.0,0.41,High
223.0,169.0,375.0,0.14,651.0,0.97,Medium
91.0,105.0,437.0,3.03,292.0,0.73,Low
303.0,114.0,258.0,6.98,738.0,0.46,Medium
235.0,142.0,298.0,7.9,388.0,0.27,Low
215.0,135.0,694.0,2.96,682.0,0.42,Low
201.0,129.0,713.0,4.71,748.0,0.25,Medium
243.0,157.0,954.0,4.21,243.0,0.2,High
169.0,167.0,496.0,4.11,488.0,0.92,Medium
215.0,132.0,410.0,2.31,506.0,1.0,Medium
265.0,196.0,322.0,1.36,469.0,0.25,Medium
257.0,64.0,428.0,1.97,540.0,0.15,Medium
107.0,180.0,793.0,0.55,750.0,0.4,Medium
299.0,188.0,855.0,1.98,663.0,0.52,High
120.0,79.0,587.0,0.09,628.0,0.28,Low
307.0,106.0,339.0,6.27,776.0,0.37,Medium
271.0,195.0,740.0,3.16,112.0,0.28,High
224.0,177.0,590.0,9.73,439.0,0.8,Medium
280.0,97.0,469.0,1.94,411.0,0.74,Medium
291.0,185.0,958.0,3.46,203.0,0.67,High
299.0,71.0,211.0,3.58,438.0,0.45,Low
215.0,55.0,588.0,0.08,297.0,0.92,Medium
125.0,153.0,536.0,8.39,399.0,0.97,Low
114.0,85.0,705.0,0.32,543.0,0.26,Low
332.0,128.0,305.0,9.4,458.0,0.3,Medium
161.0,165.0,231.0,8.92,467.0,0.57,Low
335.0,106.0,273.0,5.36,268.0,0.18,Medium
276.0,98.0,370.0,5.44,248.0,0.49,Medium
89.0,131.0,268.0,6.54,141.0,0.62,Low
321.0,115.0,561.0,3.87,301.0,0.57,Medium
330.0,126.0,848.0,6.47,343.0,0.4,High
84.0,94.0,632.0,0.45,768.0,0.59,Low
198.0,128.0,299.0,0.54,563.0,0.96,Low
144.0,69.0,857.0,4.57,548.0,0.29,Low
225.0,172.0,208.0,5.5,536.0,0.69,Low
303.0,116.0,773.0,8.88,630.0,0.14,Medium
256.0,52.0,228.0,8.23,696.0,0.6,Low
346.0,113.0,313.0,2.1,372.0,0.19,Medium
142.0,89.0,661.0,3.94,529.0,0.12,Low
296.0,108.0,342.0,3.17,312.0,0.25,Medium
256.0,111.0,589.0,4.0,203.0,0.61,Medium
177.0,181.0,831.0,1.5,291.0,0.73,Medium
184.0,109.0,881.0,5.04,788.0,0.28,Medium
178.0,165.0,356.0,8.02,758.0,0.7,Low
85.0,124.0,534.0,4.42,479.0,0.26,Low
276.0,171.0,459.0,4.91,180.0,0.65,Medium
212.0,156.0,281.0,8.49,648.0,0.47,Low
338.0,126.0,953.0,7.06,476.0,0.69,High
102.0,140.0,640.0,4.9,253.0,1.0,Low
132.0,179.0,1484.0,2.58,741.0,0.94,Low
244.0,111.0,430.0,8.85,670.0,0.1,Low
281.0,98.0,919.0,5.77,339.0,0.9,Medium
162.0,186.0,609.0,2.21,473.0,0.16,Low
224.0,141.0,469.0,2.69,303.0,0.96,Medium
164.0,173.0,825.0,4.71,710.0,0.35,Medium
157.0,110.0,261.0,0.44,449.0,0.44,Low
80.0,97.0,519.0,9.92,787.0,0.18,Low
130.0,185.0,301.0,1.3,242.0,0.2,Low
252.0,107.0,628.0,7.96,288.0,0.75,Medium
284.0,150.0,921.0,3.95,371.0,0.95,High
339.0,161.0,454.0,4.92,631.0,0.65,Medium
113.0,111.0,731.0,8.81,399.0,0.74,Low
174.0,88.0,769.0,4.13,525.0,0.79,Medium
151.0,107.0,311.0,5.37,145.0,0.34,Low
118.0,148.0,512.0,0.49,194.0,0.14,Low
233.0,93.0,660.0,0.02,163.0,0.1,Medium
329.0,78.0,907.0,2.45,512.0,0.42,High
241.0,108.0,661.0,6.81,742.0,0.32,Medium
197.0,120.0,291.0,1.21,108.0,0.16,Low
338.0,141.0,251.0,1.14,558.0,0.26,Medium
347.0,58.0,609.0,4.11,508.0,0.21,Medium
133.0,176.0,297.0,6.48,569.0,0.92,Low
315.0,183.0,435.0,7.12,605.0,0.23,Medium
301.0,194.0,573.0,1.78,785.0,0.58,High
330.0,193.0,609.0,0.8,172.0,0.63,High
286.0,113.0,433.0,8.53,120.0,0.39,Medium
308.0,139.0,609.0,8.63,557.0,0.15,Medium
145.0,85.0,488.0,7.73,256.0,0.46,Low
154.0,111.0,837.0,1.69,428.0,0.27,Medium
182.0,125.0,778.0,8.22,672.0,0.61,Medium
271.0,62.0,741.0,7.69,675.0,0.72,Medium
331.0,60.0,313.0,5.97,779.0,0.58,Medium
305.0,103.0,403.0,3.37,302.0,0.49,Medium
328.0,57.0,842.0,1.22,205.0,0.86,High
245.0,153.0,673.0,5.1,221.0,0.3,Medium
109.0,108.0,896.0,5.85,417.0,0.76,Low
326.0,106.0,452.0,3.59,281.0,0.78,Medium
185.0,89.0,997.0,4.75,714.0,0.48,Medium
130.0,179.0,585.0,3.64,415.0,0.37,Medium
160.0,143.0,261.0,6.41,724.0,0.52,Low
212.0,187.0,714.0,9.01,505.0,0.18,Medium
217.0,93.0,629.0,1.64,169.0,0.14,Medium
263.0,188.0,779.0,3.81,259.0,0.2,High
148.0,129.0,736.0,1.41,339.0,0.27,Medium
113.0,130.0,890.0,6.25,622.0,0.55,Medium
341.0,51.0,340.0,7.29,237.0,0.86,Medium
132.0,189.0,942.0,9.32,594.0,0.31,Medium
284.0,164.0,499.0,2.79,778.0,0.94,Medium
205.0,139.0,874.0,9.5,346.0,0.96,Medium
314.0,72.0,510.0,0.63,642.0,0.96,Medium
122.0,195.0,670.0,6.03,623.0,0.85,Medium
319.0,111.0,592.0,0.57,342.0,0.43,Medium
190.0,162.0,841.0,8.94,719.0,0.17,Medium
328.0,177.0,644.0,5.3,435.0,0.61,High
230.0,111.0,957.0,6.69,521.0,0.6,Medium
262.0,87.0,371.0,8.32,293.0,0.86,Low
174.0,110.0,775.0,1.5,407.0,1.0,Medium
87.0,178.0,230.0,0.39,744.0,0.56,Low
263.0,198.0,246.0,8.79,605.0,0.41,Medium
274.0,171.0,329.0,3.15,380.0,0.27,Medium
274.0,159.0,551.0,1.29,774.0,0.1,Medium
234.0,62.0,821.0,4.68,538.0,0.56,Medium
172.0,149.0,780.0,5.98,707.0,0.6,Medium
239.0,184.0,257.0,0.31,582.0,0.84,Medium
215.0,123.0,529.0,0.33,216.0,0.92,Medium
130.0,181.0,967.0,4.2,291.0,0.67,Medium
84.0,72.0,882.0,8.95,717.0,0.86,Low
171.0,168.0,582.0,9.83,615.0,0.23,Low
249.0,119.0,609.0,6.37,629.0,0.87,Low
101.0,133.0,485.0,4.71,406.0,0.71,Low
80.0,150.0,270.0,9.06,631.0,0.25,Low
212.0,133.0,966.0,5.16,221.0,0.27,Medium
312.0,77.0,653.0,1.54,748.0,0.93,Medium
91.0,185.0,766.0,4.71,691.0,0.13,Low
125.0,50.0,596.0,7.57,253.0,0.52,Low
113.0,112.0,714.0,7.32,636.0,0.38,Low
157.0,71.0,225.0,7.09,551.0,0.7,Low
297.0,119.0,512.0,2.0,268.0,0.86,Medium
152.0,174.0,325.0,2.11,158.0,0.42,Low
328.0,198.0,607.0,6.88,400.0,0.48,High
126.0,145.0,764.0,2.2,652.0,0.98,Medium
200.0,128.0,397.0,4.71,649.0,0.81,Low
293.0,54.0,387.0,7.82,216.0,0.91,Low
318.0,109.0,897.0,7.84,226.0,0.49,High
135.0,169.0,915.0,4.53,504.0,0.31,Medium
186.0,95.0,609.0,7.92,498.0,0.47,Low
127.0,183.0,649.0,8.39,614.0,0.74,Low
140.0,105.0,722.0,6.55,597.0,0.2,Low
336.0,153.0,857.0,2.74,497.0,0.14,High
87.0,126.0,796.0,3.15,364.0,0.49,Low
192.0,195.0,299.0,1.17,362.0,0.84,Medium
332.0,51.0,815.0,2.73,497.0,0.12,Medium
259.0,57.0,757.0,2.1,745.0,0.71,Medium
286.0,124.0,755.0,4.55,626.0,0.94,Medium
206.0,174.0,477.0,9.08,535.0,0.31,Medium
215.0,76.0,898.0,7.2,228.0,0.98,Medium
93.0,69.0,825.0,6.87,733.0,0.97,Low
107.0,189.0,690.0,0.96,340.0,0.31,Medium
157.0,92.0,454.0,9.23,726.0,0.19,Low
233.0,140.0,741.0,3.64,313.0,0.73,Medium
93.0,110.0,463.0,7.57,691.0,0.75,Low
266.0,158.0,809.0,4.71,234.0,0.71,High
86.0,140.0,528.0,6.94,485.0,0.4,Low
82.0,144.0,314.0,0.4,402.0,0.25,Low
190.0,192.0,475.0,8.39,386.0,0.62,Medium
317.0,193.0,687.0,4.48,661.0,0.54,High
318.0,62.0,480.0,6.37,288.0,0.76,Medium
306.0,162.0,474.0,2.21,396.0,0.5,Medium
94.0,84.0,972.0,6.77,625.0,0.4,Low
271.0,198.0,918.0,7.72,488.0,0.36,High
198.0,97.0,527.0,4.73,558.0,0.29,Low
107.0,126.0,410.0,6.18,360.0,0.34,Low
281.0,135.0,609.0,4.56,212.0,0.19,High
118.0,163.0,751.0,8.94,135.0,0.41,Low
310.0,149.0,225.0,4.98,178.0,0.13,Medium
165.0,148.0,226.0,8.42,374.0,0.27,Low
104.0,134.0,282.0,4.11,773.0,0.39,Low
224.0,126.0,881.0,2.3,411.0,0.7,High
92.0,187.0,612.0,4.06,628.0,0.75,Low
291.0,132.0,366.0,8.26,303.0,0.62,Medium
104.0,74.0,899.0,2.28,116.0,0.96,Low
147.0,117.0,368.0,5.24,575.0,0.12,Low
146.0,110.0,428.0,8.06,610.0,0.76,Low
312.0,78.0,808.0,3.53,309.0,0.96,Medium
188.0,176.0,566.0,6.42,598.0,0.88,Medium
225.0,68.0,727.0,2.46,501.0,0.25,Medium
190.0,123.0,990.0,1.09,528.0,0.39,Medium
307.0,110.0,846.0,7.94,177.0,0.26,Medium
190.0,69.0,737.0,0.99,667.0,0.64,Medium
113.0,97.0,723.0,4.71,179.0,0.74,Low
190.0,136.0,271.0,8.55,405.0,0.39,Low
343.0,188.0,844.0,3.46,157.0,0.59,High
315.0,159.0,305.0,9.73,629.0,0.72,Medium
121.0,108.0,888.0,2.68,610.0,0.87,Medium
180.0,126.0,481.0,0.41,234.0,0.79,Medium
85.0,100.0,332.0,7.05,621.0,0.16,Low
215.0,198.0,733.0,4.51,680.0,0.66,High
305.0,61.0,468.0,1.01,182.0,0.31,Medium
308.0,99.0,611.0,7.08,720.0,0.6,Medium
229.0,181.0,872.0,0.31,143.0,0.96,High
277.0,162.0,818.0,8.7,582.0,0.89,Medium
149.0,63.0,990.0,1.39,743.0,0.46,Medium
191.0,81.0,946.0,1.27,592.0,0.36,Medium
83.0,188.0,217.0,1.76,598.0,0.31,Low
174.0,195.0,953.0,9.6,117.0,0.58,Medium
231.0,104.0,316.0,6.93,704.0,0.2,Low
216.0,169.0,997.0,8.01,393.0,0.59,Medium
326.0,124.0,993.0,3.98,247.0,0.1,High
322.0,70.0,1372.0,3.36,571.0,0.39,Medium
110.0,182.0,916.0,2.34,271.0,0.3,Medium
119.0,136.0,750.0,4.81,662.0,0.97,Low
308.0,108.0,865.0,5.52,630.0,0.75,High
115.0,138.0,887.0,6.32,219.0,0.41,Medium
302.0,199.0,952.0,2.57,165.0,0.18,High
85.0,132.0,621.0,9.49,240.0,0.57,Low
154.0,113.0,845.0,9.66,605.0,0.58,Low
83.0,120.0,757.0,0.15,288.0,0.85,Low
213.0,53.0,249.0,4.81,257.0,0.65,Low
197.0,192.0,877.0,3.33,709.0,0.67,Medium
173.0,153.0,305.0,4.49,769.0,0.59,Low
141.0,199.0,415.0,5.71,345.0,0.93,Low
273.0,142.0,857.0,4.36,132.0,0.94,High
282.0,191.0,624.0,4.15,460.0,0.56,High
105.0,197.0,271.0,7.33,429.0,0.38,Low
252.0,161.0,984.0,6.86,611.0,0.51,High
212.0,168.0,958.0,8.33,170.0,0.27,Medium
197.0,108.0,645.0,2.5,412.0,0.67,Medium
291.0,92.0,385.0,6.1,178.0,0.55,Medium
215.0,89.0,349.0,3.7,279.0,0.28,Low
192.0,167.0,445.0,4.86,727.0,0.53,Medium
219.0,69.0,973.0,3.14,359.0,0.9,Medium
126.0,180.0,737.0,1.42,585.0,0.61,Medium
80.0,139.0,851.0,2.14,104.0,0.71,Medium
169.0,143.0,298.0,1.06,396.0,0.41,Low
221.0,62.0,477.0,6.83,719.0,0.61,Low
117.0,115.0,762.0,6.61,459.0,0.5,Low
218.0,86.0,862.0,9.51,216.0,0.69,Medium
338.0,115.0,654.0,7.3,456.0,0.15,Medium
240.0,85.0,303.0,0.52,538.0,0.54,Low
257.0,75.0,800.0,8.84,430.0,0.37,Medium
89.0,124.0,852.0,8.63,624.0,0.39,Low
340.0,157.0,924.0,4.43,753.0,0.96,High
217.0,92.0,432.0,5.86,287.0,0.26,Low
251.0,199.0,593.0,9.76,380.0,0.38,Medium
92.0,197.0,700.0,5.32,610.0,0.56,Medium
247.0,57.0,894.0,9.05,565.0,0.88,Medium
209.0,78.0,450.0,0.83,214.0,0.48,Low
163.0,89.0,720.0,1.91,335.0,0.77,Medium
180.0,177.0,278.0,4.41,437.0,0.87,Low
344.0,133.0,251.0,5.85,621.0,0.38,Medium
117.0,165.0,980.0,8.16,298.0,0.45,Medium
173.0,126.0,425.0,9.88,149.0,0.42,Low
174.0,126.0,250.0,3.89,241.0,0.85,Low
148.0,56.0,385.0,0.47,627.0,0.14,Low
315.0,94.0,233.0,8.01,613.0,0.38,Low
216.0,137.0,941.0,6.04,769.0,0.71,Medium
155.0,122.0,330.0,1.99,129.0,0.61,Low
114.0,86.0,831.0,4.95,181.0,0.49,Low
80.0,168.0,642.0,7.42,130.0,0.59,Low
139.0,106.0,958.0,7.7,432.0,0.28,Medium
346.0,57.0,631.0,5.0,759.0,0.49,Medium
308.0,144.0,903.0,3.05,276.0,0.55,High
349.0,166.0,696.0,9.74,469.0,0.91,High
292.0,159.0,602.0,6.63,646.0,0.33,Medium
244.0,69.0,522.0,4.08,634.0,0.88,Medium
84.0,173.0,409.0,2.8,205.0,0.68,Low
157.0,102.0,814.0,7.31,196.0,0.12,Medium
141.0,168.0,528.0,2.42,329.0,0.75,Medium
211.0,61.0,571.0,1.72,326.0,0.13,Medium
168.0,66.0,659.0,5.3,470.0,1.0,Low
316.0,113.0,332.0,2.9,199.0,0.89,Medium
121.0,91.0,850.0,6.29,544.0,0.37,Low
168.0,143.0,1280.0,1.18,567.0,0.33,Low
183.0,196.0,805.0,6.55,154.0,0.44,Medium
93.0,60.0,651.0,2.83,294.0,0.42,Low
258.0,147.0,328.0,0.0,619.0,0.44,Medium
204.0,120.0,290.0,1.27,523.0,0.39,Low
102.0,157.0,803.0,9.34,414.0,0.66,Low
142.0,107.0,774.0,8.67,227.0,0.25,Low
222.0,83.0,228.0,2.34,131.0,0.86,Low
232.0,126.0,921.0,7.78,192.0,0.83,Medium
224.0,99.0,723.0,6.09,618.0,0.53,Medium
183.0,187.0,496.0,3.74,319.0,0.32,Medium
183.0,101.0,329.0,6.81,205.0,0.12,Low
118.0,64.0,492.0,0.64,647.0,0.66,Low
277.0,133.0,372.0,3.96,515.0,0.51,Medium
213.0,180.0,919.0,9.64,656.0,0.61,Medium
146.0,86.0,223.0,5.39,408.0,0.91,Low
258.0,175.0,1192.0,2.88,465.0,0.97,Medium
121.0,89.0,605.0,4.71,620.0,0.67,Low
94.0,121.0,555.0,7.04,558.0,0.79,Low
190.0,89.0,338.0,6.45,698.0,0.18,Low
236.0,105.0,702.0,3.74,469.0,0.24,Medium
310.0,153.0,373.0,9.51,430.0,0.76,Medium
236.0,188.0,228.0,0.22,788.0,0.49,Medium
117.0,159.0,695.0,3.04,741.0,0.5,Medium
176.0,185.0,854.0,9.21,110.0,0.38,Medium
333.0,142.0,550.0,3.21,606.0,0.65,High
275.0,143.0,753.0,2.52,518.0,0.27,High
165.0,105.0,609.0,5.34,221.0,0.66,Low
84.0,187.0,391.0,1.03,430.0,0.16,Low
202.0,88.0,871.0,9.43,642.0,0.4,Medium
197.0,77.0,263.0,7.95,447.0,0.31,Low
238.0,98.0,954.0,1.81,511.0,0.9,Medium
307.0,174.0,969.0,7.12,323.0,0.15,High
215.0,62.0,863.0,3.85,252.0,0.26,Medium
263.0,85.0,414.0,4.02,311.0,0.59,Medium
94.0,150.0,609.0,7.83,191.0,0.53,Low
236.0,75.0,742.0,9.63,430.0,0.14,Medium
215.0,135.0,431.0,1.27,566.0,0.11,Medium
340.0,126.0,993.0,4.21,740.0,0.99,High
236.0,131.0,740.0,4.81,653.0,0.69,Medium
126.0,176.0,394.0,3.76,327.0,0.43,Low
252.0,137.0,705.0,3.63,293.0,0.52,Medium
209.0,126.0,533.0,0.52,629.0,0.34,Medium
174.0,169.0,967.0,6.86,342.0,0.41,Medium
194.0,126.0,992.0,4.36,488.0,0.68,Medium
322.0,179.0,503.0,1.95,375.0,0.89,High
148.0,80.0,636.0,8.16,549.0,0.27,Low
227.0,168.0,522.0,8.03,738.0,0.86,Medium
90.0,60.0,701.0,4.86,686.0,0.21,Low
333.0,95.0,592.0,2.98,673.0,0.29,Medium
117.0,145.0,798.0,4.71,577.0,0.13,Medium
213.0,59.0,348.0,2.88,579.0,0.23,Low
279.0,177.0,960.0,2.36,387.0,0.93,High
102.0,148.0,604.0,7.31,797.0,0.51,Low
297.0,161.0,482.0,0.4,789.0,0.17,Medium
220.0,109.0,561.0,0.95,777.0,0.96,Medium
183.0,136.0,578.0,0.07,794.0,0.89,Medium
289.0,194.0,397.0,1.53,639.0,0.78,Medium
190.0,114.0,755.0,0.69,429.0,0.94,Medium
183.0,126.0,555.0,9.96,569.0,0.3,Low
250.0,155.0,739.0,2.89,633.0,0.85,Medium
212.0,58.0,628.0,1.49,566.0,0.72,Medium
206.0,71.0,216.0,2.41,519.0,0.88,Low
185.0,190.0,838.0,9.36,707.0,0.82,Medium
171.0,138.0,578.0,4.71,221.0,0.41,Medium
130.0,67.0,879.0,3.65,407.0,0.8,Low
108.0,164.0,705.0,8.73,433.0,0.34,Low
293.0,194.0,955.0,3.95,519.0,0.4,High
346.0,192.0,275.0,3.35,425.0,0.2,Medium
336.0,155.0,430.0,2.07,748.0,0.94,Medium
180.0,64.0,915.0,3.78,672.0,0.36,Medium
261.0,62.0,501.0,6.77,194.0,0.45,Low
80.0,130.0,925.0,2.9,395.0,0.96,Medium
134.0,81.0,414.0,5.77,283.0,0.4,Low
228.0,186.0,357.0,0.66,359.0,0.8,Medium
281.0,197.0,592.0,4.07,285.0,0.49,High
196.0,131.0,284.0,9.37,508.0,0.44,Low
233.0,126.0,466.0,3.77,168.0,0.77,Medium
142.0,125.0,268.0,6.64,726.0,0.92,Low
323.0,87.0,810.0,2.55,107.0,0.78,High
104.0,120.0,546.0,1.27,364.0,0.3,Low
169.0,97.0,927.0,0.59,583.0,0.9,Medium
289.0,193.0,622.0,1.58,470.0,0.62,High
96.0,88.0,805.0,1.74,776.0,0.85,Low
207.0,138.0,373.0,7.61,182.0,0.27,Low
330.0,111.0,876.0,0.16,745.0,0.81,High
258.0,190.0,314.0,5.58,310.0,0.64,Medium
261.0,158.0,419.0,3.79,412.0,0.9,Medium
231.0,130.0,230.0,5.07,703.0,0.25,Low
104.0,183.0,722.0,5.63,436.0,0.48,Medium
259.0,126.0,542.0,3.13,589.0,0.85,Medium
277.0,139.0,576.0,2.95,502.0,0.12,Medium
240.0,63.0,329.0,7.33,738.0,0.2,Low
256.0,144.0,816.0,8.71,290.0,0.99,Medium
142.0,103.0,738.0,1.93,770.0,0.35,Medium
229.0,181.0,938.0,0.98,434.0,0.98,High
233.0,88.0,201.0,8.98,621.0,0.26,Low
235.0,121.0,300.0,3.5,718.0,0.42,Low
128.0,74.0,732.0,5.51,186.0,0.78,Low
163.0,126.0,257.0,3.6,678.0,0.69,Low
256.0,169.0,588.0,1.26,161.0,0.62,Medium
227.0,102.0,891.0,5.89,486.0,0.58,Medium
197.0,180.0,540.0,5.25,245.0,0.86,Medium
215.0,199.0,219.0,2.03,252.0,0.31,Low
268.0,145.0,454.0,4.52,718.0,0.5,Medium
128.0,121.0,516.0,7.97,759.0,0.24,Low
215.0,111.0,237.0,5.9,797.0,0.64,Medium
303.0,55.0,859.0,0.97,448.0,0.33,Medium
220.0,81.0,736.0,5.48,277.0,0.4,Medium
290.0,187.0,832.0,7.93,760.0,0.12,High
111.0,180.0,225.0,6.29,346.0,0.18,Low
237.0,125.0,653.0,1.53,353.0,0.72,Medium
223.0,108.0,880.0,7.1,599.0,0.49,Medium
98.0,80.0,522.0,6.77,640.0,0.88,Low
97.0,142.0,936.0,0.24,451.0,0.73,Medium
336.0,118.0,712.0,4.12,611.0,0.11,High
157.0,101.0,972.0,3.33,112.0,0.66,Medium
254.0,138.0,212.0,6.69,658.0,0.18,Low
273.0,176.0,759.0,2.16,250.0,0.8,High
192.0,80.0,570.0,5.91,149.0,0.99,Low
193.0,133.0,490.0,9.13,314.0,0.58,Low
301.0,176.0,531.0,7.98,743.0,0.71,Medium
245.0,199.0,805.0,9.21,471.0,0.31,Medium
211.0,181.0,460.0,9.79,212.0,0.49,Medium
343.0,62.0,989.0,0.11,351.0,0.87,High
134.0,94.0,404.0,6.23,440.0,0.25,Low
210.0,176.0,896.0,4.13,152.0,0.34,Medium
345.0,163.0,886.0,8.6,229.0,0.5,High
241.0,69.0,586.0,2.52,292.0,0.74,Medium
166.0,130.0,667.0,9.81,690.0,0.44,Low
134.0,178.0,614.0,6.14,156.0,0.93,Medium
257.0,192.0,268.0,7.94,196.0,0.19,Medium
326.0,107.0,303.0,4.71,746.0,0.74,Medium
334.0,121.0,957.0,7.58,246.0,0.3,High
133.0,158.0,1440.0,0.22,783.0,0.69,Low
328.0,72.0,399.0,8.17,674.0,0.25,Medium
215.0,121.0,415.0,0.14,676.0,0.15,Medium
308.0,57.0,411.0,6.57,394.0,0.21,Medium
146.0,108.0,707.0,3.65,720.0,0.94,Medium
130.0,160.0,215.0,6.11,783.0,0.6,Low
176.0,62.0,697.0,6.96,111.0,0.82,Low
171.0,65.0,531.0,3.42,432.0,0.4,Low
343.0,168.0,916.0,1.08,319.0,0.63,High
215.0,51.0,750.0,0.7,497.0,0.55,Medium
167.0,194.0,800.0,5.89,441.0,0.95,Medium
157.0,79.0,455.0,5.21,611.0,0.77,Low
199.0,152.0,965.0,7.42,271.0,0.76,Medium
244.0,126.0,927.0,5.1,567.0,0.14,Medium
261.0,145.0,371.0,4.22,265.0,0.59,Medium
86.0,126.0,609.0,0.26,269.0,0.94,Low
342.0,62.0,670.0,3.36,663.0,0.33,Medium
215.0,143.0,583.0,9.76,611.0,0.34,Medium
230.0,198.0,889.0,8.74,288.0,0.47,Medium
164.0,161.0,788.0,3.29,219.0,0.32,Medium
226.0,104.0,899.0,5.88,204.0,0.22,Medium
191.0,130.0,706.0,4.71,773.0,0.87,Medium
215.0,165.0,726.0,4.41,140.0,0.6,Medium
267.0,192.0,524.0,0.18,776.0,0.88,High
161.0,157.0,413.0,0.75,420.0,0.85,Medium
81.0,102.0,407.0,5.1,434.0,0.35,Low
276.0,177.0,368.0,9.69,259.0,0.59,Medium
90.0,106.0,529.0,4.71,363.0,0.17,Low
313.0,101.0,479.0,0.71,629.0,0.92,Medium
274.0,186.0,504.0,1.89,784.0,0.46,Medium
198.0,160.0,345.0,7.71,576.0,0.45,Low
99.0,50.0,974.0,8.41,451.0,0.37,Low
340.0,93.0,715.0,6.18,644.0,0.51,Medium
335.0,124.0,289.0,6.44,309.0,0.33,Medium
301.0,147.0,652.0,0.28,595.0,0.44,High
305.0,58.0,259.0,8.29,481.0,0.82,Low
132.0,81.0,510.0,7.88,775.0,0.85,Low
160.0,64.0,727.0,2.59,580.0,0.37,Low
281.0,189.0,426.0,7.09,104.0,0.52,Medium
237.0,185.0,673.0,2.15,133.0,0.89,Medium
199.0,121.0,740.0,0.4,244.0,0.15,Medium
138.0,61.0,862.0,2.01,450.0,0.9,Medium
294.0,114.0,956.0,1.79,682.0,0.3,High
207.0,156.0,981.0,3.38,564.0,0.71,High
303.0,91.0,278.0,4.18,447.0,0.62,Medium
288.0,164.0,632.0,5.09,224.0,0.6,Medium
194.0,188.0,352.0,4.77,370.0,0.87,Medium
288.0,152.0,988.0,2.71,456.0,0.19,High
93.0,144.0,600.0,0.29,626.0,0.41,Low
88.0,66.0,478.0,6.05,597.0,0.58,Low
119.0,126.0,256.0,3.96,252.0,0.83,Low
316.0,105.0,385.0,2.99,152.0,0.29,Medium
280.0,183.0,597.0,8.67,248.0,0.82,Medium
325.0,135.0,804.0,7.47,602.0,0.46,High
314.0,151.0,987.0,8.58,549.0,0.27,High
83.0,103.0,609.0,4.95,318.0,0.78,Low
233.0,164.0,609.0,1.31,724.0,0.18,High
108.0,188.0,892.0,6.96,376.0,0.56,Medium
188.0,137.0,558.0,2.06,551.0,0.16,Medium
177.0,98.0,639.0,4.41,527.0,0.42,Low
294.0,198.0,788.0,0.65,182.0,0.64,High
154.0,164.0,665.0,8.25,317.0,0.6,Medium
225.0,112.0,862.0,1.26,626.0,0.46,Medium
207.0,153.0,645.0,9.03,503.0,0.49,Medium
121.0,132.0,949.0,8.64,389.0,0.3,Medium
120.0,152.0,609.0,4.65,519.0,0.51,Medium
113.0,66.0,687.0,7.44,438.0,0.96,Low
96.0,55.0,729.0,6.19,769.0,0.87,Low
244.0,196.0,272.0,8.03,518.0,0.23,Medium
232.0,77.0,900.0,4.32,306.0,0.13,Medium
155.0,87.0,216.0,7.86,785.0,0.94,Low
166.0,168.0,730.0,4.62,795.0,0.57,Medium
196.0,86.0,930.0,9.41,364.0,0.58,Medium
106.0,164.0,525.0,4.86,135.0,0.8,Low
213.0,117.0,831.0,4.63,472.0,0.38,Medium
298.0,92.0,812.0,7.85,587.0,0.53,Medium
247.0,107.0,745.0,8.22,358.0,0.97,Medium
177.0,62.0,795.0,5.54,630.0,0.7,Low
347.0,101.0,907.0,1.8,122.0,0.24,High
316.0,126.0,401.0,4.68,203.0,0.22,Medium
252.0,81.0,543.0,9.68,340.0,0.28,Low
269.0,154.0,722.0,7.53,352.0,0.79,Medium
125.0,148.0,417.0,0.33,754.0,0.12,Low
143.0,153.0,644.0,4.68,550.0,0.95,Medium
209.0,77.0,964.0,6.47,406.0,0.25,Medium
272.0,178.0,421.0,8.3,599.0,0.11,Medium
260.0,97.0,582.0,0.49,721.0,0.31,Medium
108.0,89.0,791.0,8.52,107.0,0.31,Low
228.0,146.0,206.0,5.48,168.0,0.48,Low
346.0,163.0,471.0,1.97,790.0,0.93,High
90.0,181.0,938.0,3.17,674.0,0.89,Medium
192.0,160.0,623.0,5.31,507.0,0.47,Medium
311.0,125.0,952.0,1.59,218.0,0.32,High
306.0,80.0,220.0,8.13,130.0,0.15,Low
177.0,168.0,889.0,1.33,617.0,0.95,Medium
134.0,191.0,427.0,2.33,582.0,0.27,Low
190.0,74.0,984.0,4.53,306.0,0.28,Medium
231.0,83.0,487.0,5.17,768.0,0.53,Low
325.0,116.0,333.0,7.64,678.0,0.54,Medium
329.0,122.0,603.0,7.9,511.0,0.23,Medium
115.0,75.0,864.0,6.18,469.0,0.44,Low
318.0,197.0,265.0,1.13,452.0,0.72,Medium
227.0,153.0,848.0,1.56,435.0,0.31,High
306.0,59.0,803.0,4.37,388.0,0.48,Medium
323.0,116.0,636.0,3.97,239.0,0.6,Medium
280.0,54.0,458.0,7.44,399.0,0.9,Low
233.0,76.0,302.0,5.81,112.0,0.39,Low
280.0,64.0,968.0,1.71,527.0,0.54,High
96.0,154.0,300.0,2.27,499.0,0.77,Low
208.0,93.0,397.0,5.76,208.0,0.2,Low
296.0,75.0,425.0,4.23,584.0,0.48,Medium
215.0,126.0,662.0,5.15,455.0,0.12,Medium
215.0,133.0,436.0,1.71,248.0,0.13,Medium
121.0,189.0,225.0,6.63,406.0,0.53,Low
104.0,181.0,320.0,8.53,632.0,0.37,Low
118.0,136.0,705.0,2.58,159.0,0.86,Medium
210.0,161.0,381.0,4.92,534.0,0.64,Medium
308.0,178.0,910.0,9.76,120.0,0.51,High
187.0,138.0,966.0,3.33,481.0,0.47,Medium
251.0,115.0,833.0,5.95,344.0,0.55,Medium
181.0,180.0,742.0,0.9,172.0,0.14,Medium
91.0,171.0,514.0,6.06,548.0,0.9,Low
123.0,133.0,817.0,9.59,797.0,0.26,Low
136.0,165.0,472.0,7.88,489.0,0.23,Low
91.0,87.0,431.0,7.04,676.0,0.69,Low
159.0,192.0,619.0,5.9,441.0,0.7,Medium
295.0,159.0,967.0,4.5,389.0,0.86,High
343.0,95.0,641.0,8.58,667.0,0.78,Medium
228.0,74.0,695.0,9.57,430.0,0.5,Low
160.0,70.0,609.0,4.99,358.0,0.65,Low
294.0,170.0,308.0,9.32,525.0,0.72,Medium
277.0,171.0,902.0,5.83,105.0,0.56,High
279.0,182.0,701.0,5.38,105.0,0.53,High
104.0,119.0,224.0,4.54,290.0,0.68,Low
215.0,162.0,386.0,2.09,247.0,0.6,Low
347.0,156.0,487.0,0.04,504.0,0.68,High
222.0,126.0,827.0,2.42,357.0,0.65,Medium
138.0,157.0,537.0,5.1,578.0,0.75,Low
105.0,96.0,236.0,3.8,189.0,0.68,Low
126.0,140.0,993.0,4.48,109.0,0.57,Medium
345.0,126.0,336.0,9.81,186.0,0.71,Medium
95.0,198.0,707.0,3.5,250.0,0.5,Medium
215.0,153.0,426.0,4.52,724.0,0.32,Medium
165.0,89.0,519.0,1.34,129.0,0.1,Low
329.0,187.0,381.0,0.48,227.0,0.6,High
349.0,138.0,285.0,7.75,177.0,0.63,Medium
196.0,110.0,666.0,5.71,520.0,0.97,Medium
216.0,171.0,434.0,1.5,579.0,0.45,Medium
255.0,126.0,978.0,5.72,404.0,0.28,Medium
294.0,86.0,998.0,2.54,645.0,0.16,High
161.0,105.0,632.0,2.28,204.0,0.8,Medium
302.0,151.0,695.0,0.12,271.0,0.32,High
182.0,142.0,299.0,1.3,598.0,0.65,Low
93.0,122.0,798.0,3.09,121.0,0.72,Low
238.0,108.0,602.0,1.17,386.0,0.52,Medium
231.0,51.0,595.0,9.86,490.0,0.89,Low
187.0,153.0,726.0,4.71,716.0,0.5,Medium
267.0,100.0,614.0,1.3,248.0,0.36,Medium
177.0,79.0,812.0,1.99,371.0,0.91,Medium
210.0,60.0,876.0,5.88,398.0,0.88,Medium
250.0,157.0,662.0,4.71,271.0,0.25,Medium
262.0,125.0,740.0,8.62,146.0,0.12,Medium
118.0,139.0,825.0,9.61,725.0,0.18,Low
94.0,172.0,818.0,2.47,306.0,0.36,Medium
83.0,174.0,563.0,4.5,552.0,0.98,Low
289.0,171.0,329.0,0.22,494.0,0.6,Medium
240.0,143.0,283.0,6.41,400.0,0.44,Low
95.0,152.0,470.0,4.14,775.0,0.9,Low
187.0,80.0,443.0,2.7,275.0,0.51,Low
306.0,101.0,587.0,2.07,209.0,0.38,Medium
249.0,138.0,413.0,6.54,783.0,0.95,Medium
113.0,125.0,365.0,4.16,301.0,0.86,Low
330.0,178.0,990.0,1.8,267.0,0.86,High
326.0,71.0,258.0,6.89,713.0,0.56,Medium
348.0,89.0,801.0,5.65,185.0,0.81,High
220.0,150.0,703.0,8.59,753.0,0.26,Medium
175.0,160.0,905.0,1.17,150.0,0.62,Medium
118.0,114.0,847.0,6.74,562.0,0.36,Low
108.0,198.0,612.0,1.15,541.0,0.81,Medium
315.0,71.0,428.0,4.42,676.0,0.14,Medium
264.0,148.0,473.0,9.45,443.0,0.79,Medium
315.0,57.0,638.0,1.42,282.0,0.25,Medium
318.0,66.0,761.0,6.43,602.0,0.67,Medium
144.0,139.0,913.0,9.57,593.0,0.95,Medium
256.0,126.0,682.0,3.3,333.0,0.36,High
82.0,194.0,594.0,9.62,397.0,0.3,Low
221.0,130.0,902.0,9.01,343.0,0.22,Medium
237.0,127.0,659.0,2.7,608.0,0.95,Medium
232.0,159.0,609.0,9.96,366.0,0.77,Low
272.0,63.0,611.0,2.53,729.0,0.55,Medium
152.0,121.0,274.0,4.37,755.0,0.53,Low
219.0,192.0,494.0,5.2,300.0,0.2,Medium
266.0,103.0,992.0,2.95,338.0,0.6,High
277.0,62.0,370.0,2.2,514.0,0.98,Medium
141.0,55.0,410.0,4.44,536.0,0.47,Low
215.0,107.0,759.0,1.71,345.0,0.24,High
215.0,75.0,348.0,7.05,251.0,0.21,Low
131.0,96.0,899.0,0.85,491.0,0.27,Medium
215.0,54.0,571.0,6.5,310.0,0.29,Medium
138.0,69.0,679.0,6.54,466.0,0.6,Low
151.0,183.0,350.0,9.56,769.0,0.81,Low
227.0,108.0,340.0,0.03,669.0,0.38,Medium
142.0,195.0,609.0,2.48,185.0,0.18,Low
322.0,181.0,459.0,9.28,154.0,0.52,Medium
186.0,66.0,720.0,9.32,733.0,0.77,Low
305.0,63.0,832.0,7.21,545.0,0.3,Medium
297.0,62.0,570.0,7.66,719.0,0.3,Medium
320.0,126.0,618.0,0.91,403.0,0.95,High
338.0,177.0,300.0,5.14,231.0,0.96,Medium
341.0,93.0,860.0,2.32,520.0,0.99,High
84.0,126.0,857.0,1.81,484.0,0.83,Medium
133.0,126.0,952.0,1.35,146.0,0.29,Medium
126.0,112.0,711.0,4.69,302.0,0.41,Low
294.0,130.0,754.0,9.39,360.0,0.39,Medium
256.0,196.0,294.0,1.86,789.0,0.96,Medium
88.0,197.0,425.0,9.78,123.0,0.81,Low
178.0,149.0,717.0,9.94,786.0,0.75,Medium
99.0,171.0,413.0,5.56,439.0,0.27,Low
320.0,93.0,917.0,1.7,511.0,0.92,High
140.0,153.0,266.0,3.16,360.0,0.85,Low
257.0,110.0,595.0,4.24,385.0,0.25,Medium
141.0,174.0,811.0,3.09,612.0,0.88,Medium
224.0,194.0,211.0,2.81,185.0,0.35,Medium
295.0,120.0,436.0,9.72,529.0,0.17,Medium
82.0,156.0,969.0,4.71,680.0,0.69,Medium
239.0,99.0,598.0,4.71,130.0,0.69,Medium
306.0,114.0,606.0,0.0,702.0,0.19,Medium
348.0,148.0,679.0,5.96,539.0,0.39,High
199.0,81.0,846.0,9.16,448.0,0.99,Medium
168.0,190.0,421.0,2.88,511.0,0.71,Medium
147.0,107.0,355.0,1.86,627.0,0.76,Low
177.0,177.0,853.0,6.52,409.0,0.29,Medium
346.0,191.0,609.0,7.13,495.0,0.17,High
184.0,161.0,357.0,6.88,437.0,0.35,Low
202.0,117.0,615.0,3.19,773.0,0.32,Medium
108.0,89.0,525.0,2.52,536.0,0.31,Low
216.0,193.0,570.0,9.56,762.0,0.27,Medium
274.0,181.0,543.0,9.23,464.0,0.62,Medium
305.0,139.0,461.0,4.57,212.0,0.4,Medium
249.0,77.0,482.0,8.46,275.0,0.84,Low
88.0,145.0,609.0,4.52,248.0,0.27,Low
104.0,52.0,489.0,1.57,481.0,0.11,Low
340.0,185.0,879.0,4.26,322.0,0.53,High
305.0,73.0,246.0,5.37,358.0,0.15,Low
203.0,64.0,914.0,0.23,288.0,0.98,Medium
117.0,94.0,413.0,4.44,405.0,0.81,Low
330.0,57.0,957.0,7.81,477.0,0.54,Medium
255.0,120.0,223.0,6.8,701.0,0.18,Low
169.0,157.0,520.0,6.35,442.0,0.63,Low
116.0,164.0,473.0,9.1,255.0,0.78,Low
160.0,174.0,512.0,5.57,541.0,0.61,Medium
193.0,106.0,562.0,7.87,784.0,0.83,Low
119.0,79.0,867.0,5.41,299.0,0.79,Low
303.0,195.0,579.0,3.24,502.0,0.82,High
194.0,163.0,910.0,1.36,713.0,0.89,Medium
265.0,166.0,873.0,8.88,762.0,0.94,Medium
135.0,109.0,669.0,4.71,722.0,0.46,Low
119.0,147.0,945.0,8.78,702.0,0.61,Medium
119.0,175.0,609.0,5.86,276.0,0.81,Medium
316.0,143.0,315.0,6.74,548.0,0.73,Medium
341.0,183.0,804.0,8.04,640.0,1.0,High
295.0,171.0,241.0,6.59,400.0,0.11,Medium
226.0,157.0,995.0,3.98,406.0,0.42,High
247.0,53.0,578.0,5.14,366.0,0.35,Medium
171.0,142.0,921.0,8.03,313.0,0.34,Medium
138.0,55.0,405.0,3.74,693.0,0.3,Low
138.0,81.0,665.0,3.88,739.0,0.74,Low
248.0,126.0,609.0,0.96,582.0,0.18,High
348.0,195.0,479.0,9.15,361.0,0.77,Medium
124.0,64.0,847.0,0.91,166.0,0.72,Medium
260.0,171.0,817.0,6.48,673.0,0.33,Medium
249.0,145.0,317.0,4.13,232.0,0.33,Medium
270.0,55.0,436.0,4.06,748.0,0.67,Medium
234.0,126.0,508.0,6.8,639.0,0.79,Medium
267.0,169.0,655.0,0.67,611.0,0.89,High
86.0,172.0,674.0,5.94,310.0,0.87,Low
212.0,116.0,299.0,7.72,352.0,0.97,Low
314.0,155.0,460.0,8.28,137.0,0.62,Medium
124.0,188.0,504.0,1.71,142.0,0.92,Medium
328.0,92.0,553.0,8.97,728.0,0.83,Medium
110.0,126.0,485.0,6.56,504.0,0.91,Low
239.0,181.0,302.0,4.85,553.0,0.97,Medium
118.0,90.0,886.0,9.19,404.0,0.82,Low
161.0,182.0,609.0,9.0,332.0,0.21,Low
337.0,84.0,640.0,4.48,344.0,0.46,Medium
285.0,71.0,492.0,2.74,394.0,0.34,Medium
156.0,126.0,937.0,3.93,482.0,0.36,Medium
91.0,161.0,206.0,3.88,257.0,0.21,Low
303.0,60.0,838.0,2.87,504.0,0.83,Medium
92.0,52.0,291.0,2.69,100.0,0.11,Low
125.0,186.0,389.0,8.61,316.0,0.38,Low
234.0,109.0,675.0,0.7,606.0,0.26,Medium
192.0,125.0,710.0,6.78,680.0,0.63,Medium
215.0,136.0,661.0,1.73,129.0,0.33,High
96.0,63.0,252.0,3.45,726.0,0.33,Low
302.0,67.0,953.0,0.62,619.0,0.54,High
267.0,162.0,685.0,2.7,374.0,0.69,Medium
215.0,122.0,843.0,7.68,591.0,0.21,Medium
215.0,72.0,689.0,8.85,135.0,0.26,Low
312.0,132.0,563.0,2.22,410.0,0.32,Medium
303.0,174.0,311.0,4.64,143.0,0.98,Medium
139.0,118.0,608.0,4.7,254.0,0.46,Low
301.0,96.0,206.0,8.74,176.0,0.64,Low
116.0,165.0,941.0,7.63,689.0,0.32,Medium
275.0,79.0,867.0,5.13,712.0,0.54,Medium
215.0,74.0,396.0,6.71,537.0,0.17,Medium
298.0,161.0,934.0,8.47,531.0,0.13,High
271.0,74.0,566.0,0.1,641.0,0.52,Medium
91.0,107.0,794.0,4.71,338.0,0.22,Low
101.0,168.0,579.0,5.43,221.0,0.99,Low
199.0,176.0,670.0,5.3,243.0,0.46,Medium
349.0,127.0,900.0,5.21,554.0,0.97,High
271.0,148.0,654.0,6.55,467.0,0.85,Medium
254.0,165.0,565.0,4.18,346.0,0.52,Medium
283.0,97.0,489.0,7.14,144.0,0.76,Medium
243.0,59.0,602.0,8.61,474.0,0.22,Low
330.0,148.0,257.0,1.55,390.0,0.56,Medium
306.0,60.0,720.0,4.52,306.0,0.35,Medium
86.0,134.0,503.0,4.08,618.0,0.25,Low
108.0,198.0,314.0,6.87,341.0,0.48,Low
112.0,184.0,409.0,2.5,721.0,0.22,Low
213.0,175.0,240.0,6.4,213.0,0.73,Low
158.0,113.0,372.0,4.71,401.0,0.51,Low
137.0,51.0,609.0,4.18,375.0,0.58,Low
105.0,126.0,992.0,9.11,195.0,0.23,Medium
305.0,170.0,789.0,9.93,393.0,0.23,High
178.0,103.0,992.0,2.33,387.0,0.99,Medium
118.0,124.0,602.0,9.5,253.0,0.19,Low
236.0,65.0,238.0,9.58,669.0,0.36,Low
209.0,139.0,534.0,0.15,149.0,0.17,Medium
254.0,193.0,535.0,1.61,306.0,0.89,Medium
215.0,55.0,738.0,9.96,663.0,0.57,Low
101.0,157.0,815.0,1.8,761.0,0.47,Medium
106.0,97.0,273.0,5.03,664.0,0.38,Low
274.0,91.0,390.0,8.48,312.0,0.37,Low
315.0,125.0,523.0,0.2,165.0,0.38,Medium
171.0,126.0,346.0,4.71,331.0,0.9,Low
100.0,181.0,966.0,2.77,762.0,0.75,Medium
215.0,179.0,483.0,8.62,419.0,0.7,Low
341.0,108.0,412.0,2.83,236.0,0.82,Medium
226.0,76.0,834.0,6.87,746.0,0.33,Medium
336.0,128.0,917.0,6.74,665.0,0.66,High
137.0,121.0,951.0,2.21,164.0,0.51,Medium
94.0,56.0,593.0,0.35,613.0,0.8,Low
241.0,160.0,538.0,4.09,231.0,0.38,Medium
242.0,168.0,997.0,2.89,433.0,0.68,High
91.0,112.0,221.0,8.09,131.0,0.89,Low
287.0,173.0,970.0,8.0,597.0,0.46,High
106.0,61.0,304.0,4.57,342.0,0.16,Low
151.0,190.0,665.0,6.07,291.0,0.56,Medium
139.0,92.0,658.0,6.04,241.0,0.41,Low
224.0,66.0,631.0,8.27,759.0,0.71,Low
172.0,112.0,969.0,4.71,700.0,0.96,Medium
87.0,169.0,915.0,2.75,660.0,0.54,Medium
158.0,85.0,973.0,2.65,747.0,0.52,Medium
106.0,57.0,818.0,5.36,290.0,0.69,Low
253.0,118.0,962.0,4.49,248.0,0.19,High
129.0,139.0,420.0,4.4,698.0,0.33,Low
278.0,85.0,578.0,0.91,515.0,0.93,Medium
260.0,77.0,609.0,7.19,619.0,0.7,Low
103.0,167.0,457.0,2.14,115.0,0.11,Low
125.0,142.0,912.0,1.97,205.0,0.28,Medium
94.0,125.0,566.0,4.13,382.0,0.71,Low
232.0,150.0,969.0,2.28,203.0,0.79,High
301.0,193.0,548.0,5.84,460.0,0.86,Medium
285.0,63.0,424.0,3.71,757.0,0.36,Medium
315.0,120.0,913.0,4.49,134.0,0.94,High
215.0,174.0,435.0,2.04,407.0,0.73,Low
245.0,86.0,382.0,1.56,152.0,0.64,Medium
293.0,78.0,911.0,4.71,180.0,0.21,Medium
196.0,192.0,957.0,4.34,715.0,0.97,High
151.0,68.0,643.0,4.12,468.0,0.21,Low
143.0,155.0,822.0,0.36,341.0,0.33,Medium
284.0,70.0,205.0,4.98,130.0,0.83,Low
288.0,113.0,435.0,5.54,460.0,0.66,Medium
151.0,76.0,326.0,5.59,332.0,0.85,Low
174.0,104.0,303.0,7.07,709.0,0.56,Low
245.0,78.0,948.0,1.77,133.0,0.44,Medium
111.0,197.0,679.0,2.52,342.0,0.93,Medium
90.0,74.0,354.0,8.11,158.0,0.13,Low
296.0,119.0,456.0,9.47,628.0,0.87,Medium
181.0,112.0,434.0,1.36,177.0,0.31,Low
346.0,179.0,699.0,4.98,401.0,0.86,High
293.0,199.0,488.0,2.14,777.0,0.23,High
258.0,65.0,709.0,0.6,211.0,0.62,Medium
167.0,195.0,751.0,3.26,512.0,0.9,Medium
120.0,149.0,999.0,1.44,416.0,0.53,Medium
155.0,79.0,908.0,7.1,244.0,0.77,Medium
125.0,94.0,984.0,5.34,767.0,0.82,Medium
239.0,68.0,975.0,1.44,789.0,0.76,Medium
159.0,83.0,768.0,0.09,747.0,0.93,Medium
165.0,190.0,497.0,8.08,117.0,0.5,Low
171.0,111.0,809.0,1.76,450.0,0.26,Medium
227.0,167.0,336.0,6.06,254.0,0.14,Medium
240.0,149.0,575.0,3.37,605.0,0.32,Medium
281.0,71.0,286.0,5.85,459.0,0.23,Low
321.0,160.0,618.0,3.16,431.0,0.6,High
81.0,122.0,953.0,0.87,627.0,0.27,Medium
304.0,196.0,398.0,2.23,111.0,0.14,Medium
312.0,87.0,662.0,1.88,174.0,0.13,Medium
156.0,119.0,636.0,4.28,311.0,0.85,Low
195.0,165.0,509.0,6.58,790.0,0.63,Medium
233.0,128.0,795.0,2.64,740.0,0.42,Medium
182.0,197.0,953.0,0.12,382.0,0.9,High
273.0,58.0,480.0,5.19,294.0,0.16,Medium
245.0,81.0,522.0,6.06,129.0,0.98,Medium
169.0,181.0,963.0,9.63,108.0,0.65,Medium
253.0,99.0,901.0,5.89,408.0,0.27,Medium
201.0,131.0,351.0,4.71,544.0,0.71,Low
222.0,54.0,501.0,5.73,409.0,0.79,Low
185.0,197.0,477.0,9.28,776.0,0.49,Medium
202.0,136.0,850.0,8.28,525.0,0.88,Medium
215.0,175.0,609.0,3.23,690.0,0.24,Medium
341.0,124.0,207.0,2.37,790.0,0.35,Medium
152.0,71.0,434.0,2.63,190.0,0.18,Low
302.0,117.0,874.0,5.04,555.0,0.29,High
120.0,93.0,760.0,7.44,543.0,0.31,Low
283.0,83.0,501.0,5.03,178.0,0.93,Medium
343.0,126.0,237.0,0.68,574.0,0.17,Medium
257.0,91.0,335.0,7.24,202.0,0.48,Low
163.0,186.0,620.0,8.06,722.0,0.58,Medium
86.0,184.0,745.0,4.27,346.0,0.78,Medium
163.0,117.0,278.0,8.89,333.0,0.97,Low
287.0,196.0,947.0,8.45,693.0,0.81,High
101.0,177.0,609.0,5.25,743.0,0.97,Low
82.0,134.0,360.0,6.92,334.0,0.74,Low
206.0,132.0,886.0,8.83,486.0,0.17,Medium
267.0,144.0,507.0,4.96,710.0,0.46,Medium
93.0,81.0,573.0,3.13,137.0,0.68,Low
91.0,115.0,932.0,7.54,260.0,0.42,Low
166.0,165.0,208.0,2.2,561.0,0.35,Low
91.0,187.0,643.0,3.89,548.0,0.62,Low
104.0,179.0,312.0,8.66,216.0,0.94,Low
322.0,109.0,404.0,7.24,340.0,0.13,Medium
201.0,66.0,604.0,4.04,125.0,0.79,Low
226.0,145.0,897.0,2.15,747.0,0.75,High
134.0,193.0,396.0,3.56,661.0,0.97,Low
317.0,65.0,977.0,2.84,397.0,0.94,High
252.0,95.0,973.0,1.76,253.0,0.79,High
300.0,156.0,959.0,7.43,751.0,0.57,High
198.0,137.0,314.0,2.52,567.0,0.28,Low
262.0,126.0,1280.0,4.54,148.0,0.59,Medium
161.0,188.0,852.0,3.86,753.0,0.79,Medium
290.0,168.0,264.0,9.82,145.0,0.91,Medium
229.0,134.0,475.0,3.91,774.0,0.81,Medium
116.0,53.0,438.0,0.8,384.0,0.28,Low
138.0,120.0,501.0,0.9,727.0,0.64,Low
210.0,160.0,591.0,5.91,181.0,0.4,Medium
322.0,126.0,568.0,4.19,372.0,0.28,High
114.0,144.0,432.0,4.32,493.0,0.2,Low
172.0,126.0,394.0,0.54,694.0,0.86,Medium
286.0,114.0,211.0,5.17,157.0,0.33,Medium
292.0,96.0,888.0,4.71,664.0,0.36,Medium
238.0,155.0,376.0,1.5,100.0,0.96,Medium
103.0,179.0,416.0,1.04,315.0,0.44,Low
83.0,155.0,210.0,1.24,416.0,0.11,Low
299.0,73.0,645.0,1.01,327.0,0.36,Medium
99.0,53.0,829.0,6.1,572.0,0.21,Low
231.0,157.0,363.0,1.96,583.0,0.19,Medium
129.0,68.0,750.0,2.51,770.0,0.17,Low
256.0,89.0,252.0,1.74,386.0,0.63,Low
184.0,124.0,917.0,8.55,677.0,0.43,Medium
329.0,61.0,559.0,2.3,557.0,0.88,Medium
196.0,76.0,584.0,3.28,194.0,0.48,Low
307.0,162.0,255.0,2.1,592.0,0.92,Medium
145.0,98.0,317.0,4.92,249.0,0.55,Low
341.0,193.0,452.0,0.2,122.0,0.46,High
322.0,179.0,997.0,6.71,314.0,0.78,High
265.0,109.0,979.0,5.23,498.0,0.17,High
325.0,79.0,379.0,8.99,509.0,0.18,Medium
215.0,133.0,614.0,1.64,230.0,0.69,Medium
347.0,126.0,434.0,8.04,247.0,0.54,Medium
210.0,74.0,907.0,7.92,480.0,0.81,Medium
316.0,145.0,279.0,1.27,208.0,0.92,Medium
97.0,174.0,846.0,3.99,651.0,0.45,Medium
119.0,59.0,884.0,1.7,220.0,0.64,Low
100.0,91.0,676.0,2.55,394.0,0.55,Low
304.0,89.0,639.0,4.71,219.0,0.98,Medium
87.0,126.0,936.0,5.56,555.0,0.85,Medium
179.0,154.0,769.0,4.11,629.0,0.92,Medium
319.0,167.0,292.0,9.48,268.0,0.33,Medium
166.0,91.0,391.0,1.26,242.0,0.8,Low
93.0,96.0,302.0,9.74,136.0,0.34,Low
120.0,156.0,206.0,7.73,360.0,0.95,Low
190.0,76.0,839.0,3.39,330.0,0.12,Medium
93.0,90.0,766.0,1.43,353.0,0.97,Low
209.0,115.0,439.0,6.59,109.0,0.35,Low
224.0,122.0,431.0,4.72,329.0,0.3,Medium
215.0,125.0,656.0,4.96,635.0,0.63,Low
145.0,139.0,432.0,4.71,177.0,0.41,Low
242.0,59.0,553.0,0.88,524.0,0.69,Medium
340.0,69.0,638.0,4.71,500.0,0.16,Medium
243.0,88.0,574.0,0.58,208.0,0.19,Medium
89.0,109.0,491.0,1.41,362.0,0.48,Low
274.0,115.0,544.0,7.17,428.0,0.83,Medium
197.0,114.0,863.0,4.37,462.0,0.9,Medium
349.0,173.0,627.0,4.04,477.0,0.32,High
159.0,179.0,856.0,1.37,440.0,0.62,Medium
172.0,106.0,329.0,5.07,358.0,0.79,Low
345.0,127.0,340.0,1.27,434.0,0.36,Medium
336.0,78.0,614.0,4.77,184.0,0.47,Medium
212.0,64.0,292.0,7.64,621.0,0.57,Low
343.0,61.0,825.0,2.58,670.0,0.22,High
250.0,150.0,483.0,4.81,407.0,0.12,Medium
80.0,133.0,854.0,9.92,361.0,0.24,Low
143.0,174.0,422.0,6.87,730.0,0.66,Low
200.0,152.0,943.0,8.41,779.0,0.17,Medium
254.0,198.0,744.0,7.68,350.0,0.4,Medium
283.0,187.0,475.0,0.41,423.0,0.17,Medium
244.0,159.0,881.0,1.23,328.0,0.27,High
199.0,127.0,339.0,2.03,735.0,0.92,Low
123.0,150.0,556.0,4.02,695.0,0.12,Low
235.0,195.0,912.0,8.46,396.0,0.69,High
286.0,191.0,222.0,3.46,336.0,0.45,Medium
187.0,177.0,935.0,6.55,724.0,0.71,Medium
330.0,107.0,469.0,7.09,316.0,0.63,Medium
209.0,125.0,864.0,5.86,345.0,0.3,Medium
99.0,199.0,532.0,3.57,547.0,0.86,Low
215.0,85.0,284.0,5.77,418.0,0.54,Low
198.0,71.0,820.0,3.42,531.0,0.84,Medium
114.0,176.0,230.0,0.84,503.0,0.47,Low
277.0,129.0,940.0,9.93,136.0,0.99,Medium
324.0,149.0,439.0,1.27,675.0,0.79,Medium
240.0,197.0,588.0,8.79,488.0,0.56,Medium
258.0,126.0,852.0,3.02,133.0,0.53,Medium
285.0,87.0,867.0,6.5,138.0,0.78,Medium
91.0,158.0,498.0,3.29,678.0,0.89,Low
260.0,172.0,570.0,3.91,308.0,0.97,Medium
321.0,193.0,298.0,4.71,251.0,0.39,Medium
295.0,198.0,246.0,3.43,464.0,0.82,Medium
330.0,153.0,621.0,4.11,298.0,0.29,High
205.0,189.0,679.0,7.2,700.0,0.59,Medium
296.0,193.0,778.0,5.12,178.0,0.26,High
264.0,126.0,261.0,9.44,576.0,0.41,Low
118.0,136.0,1232.0,0.42,533.0,0.94,Low
302.0,191.0,878.0,5.03,131.0,0.23,High
263.0,110.0,748.0,5.84,186.0,0.67,Medium
257.0,95.0,318.0,9.2,650.0,0.63,Low
230.0,81.0,797.0,0.49,492.0,0.21,Medium
205.0,64.0,581.0,5.73,712.0,0.39,Low
313.0,93.0,591.0,8.54,343.0,0.61,Medium
87.0,194.0,251.0,2.42,331.0,0.27,Low
208.0,103.0,802.0,8.76,679.0,0.82,Medium
343.0,93.0,488.0,0.19,291.0,0.97,Medium
236.0,147.0,536.0,7.32,639.0,0.29,Medium
84.0,54.0,403.0,9.33,369.0,0.27,Low
165.0,158.0,437.0,6.57,176.0,0.51,Low
272.0,165.0,866.0,0.45,383.0,0.35,High
198.0,136.0,951.0,9.2,188.0,0.12,Medium
297.0,153.0,335.0,4.71,643.0,0.59,Medium
193.0,172.0,606.0,0.29,748.0,0.96,Medium
224.0,128.0,707.0,6.9,255.0,0.45,Medium
105.0,92.0,561.0,4.82,349.0,0.48,Low
215.0,146.0,580.0,1.24,194.0,0.97,Medium
311.0,80.0,775.0,2.14,116.0,0.73,Medium
155.0,148.0,834.0,0.64,216.0,0.75,Medium
80.0,66.0,453.0,5.74,432.0,0.61,Low
226.0,132.0,676.0,6.22,621.0,0.98,Medium
221.0,159.0,313.0,5.06,179.0,0.72,Medium
132.0,81.0,219.0,8.17,745.0,0.91,Low
148.0,190.0,727.0,8.61,531.0,0.73,Medium
169.0,84.0,344.0,6.16,302.0,0.76,Low
299.0,182.0,407.0,0.13,215.0,0.36,Medium
215.0,78.0,730.0,6.95,319.0,0.37,Medium
142.0,119.0,575.0,4.18,352.0,0.8,Low
152.0,144.0,703.0,5.66,268.0,0.37,Medium
240.0,71.0,365.0,6.49,415.0,0.61,Low
168.0,138.0,380.0,4.71,682.0,0.84,Low
255.0,121.0,816.0,1.34,255.0,0.2,Medium
348.0,178.0,811.0,6.72,713.0,0.85,High
324.0,145.0,643.0,9.25,607.0,0.27,Medium
156.0,124.0,531.0,1.13,564.0,0.59,Medium
238.0,103.0,702.0,0.95,319.0,0.35,Medium
177.0,137.0,278.0,3.33,114.0,0.39,Low
181.0,103.0,784.0,3.74,216.0,0.42,Medium
211.0,65.0,887.0,2.14,430.0,0.16,Medium
181.0,148.0,595.0,5.85,155.0,0.99,Medium
215.0,69.0,807.0,4.43,450.0,0.13,Low
161.0,126.0,302.0,0.34,231.0,0.7,Low
208.0,176.0,601.0,3.2,325.0,0.43,Medium
168.0,107.0,423.0,8.1,407.0,0.68,Low
292.0,160.0,717.0,6.9,574.0,0.42,Medium
222.0,178.0,833.0,7.25,321.0,0.71,Medium
144.0,130.0,435.0,6.98,272.0,0.76,Low
155.0,133.0,626.0,3.11,439.0,0.72,Medium
278.0,119.0,315.0,4.71,605.0,0.2,Medium
222.0,57.0,362.0,2.72,256.0,0.69,Low
172.0,78.0,425.0,8.32,250.0,0.35,Low
303.0,161.0,429.0,9.8,796.0,0.13,Medium
181.0,180.0,381.0,4.94,277.0,0.47,Medium
189.0,158.0,517.0,1.4,211.0,0.52,Medium
344.0,69.0,409.0,3.22,782.0,0.73,Medium
82.0,122.0,855.0,5.79,237.0,0.38,Low
164.0,53.0,591.0,0.75,332.0,0.38,Low
196.0,68.0,295.0,9.43,431.0,0.15,Low
300.0,151.0,955.0,3.65,641.0,0.72,High
233.0,190.0,285.0,9.13,406.0,0.61,Medium
232.0,190.0,614.0,7.81,260.0,0.41,Medium
91.0,135.0,593.0,7.55,501.0,0.73,Low
212.0,126.0,895.0,6.07,689.0,0.58,Medium
307.0,160.0,832.0,6.27,377.0,0.52,High
122.0,158.0,700.0,4.71,419.0,0.56,Low
100.0,135.0,803.0,6.29,632.0,0.67,Low
186.0,92.0,781.0,5.54,596.0,0.69,Medium
196.0,91.0,1328.0,9.86,462.0,0.36,Low
203.0,139.0,990.0,7.32,471.0,0.23,Medium
282.0,164.0,848.0,7.77,754.0,0.24,High
130.0,75.0,513.0,8.72,135.0,0.68,Low
220.0,92.0,898.0,2.16,402.0,0.89,Medium
131.0,126.0,420.0,0.84,537.0,0.47,Low
106.0,186.0,637.0,4.83,131.0,0.25,Low
236.0,69.0,245.0,5.14,285.0,0.78,Low
318.0,88.0,989.0,8.29,273.0,0.85,High
235.0,61.0,1564.0,4.44,665.0,0.89,Low
215.0,60.0,719.0,5.71,772.0,0.65,Medium
223.0,91.0,578.0,5.27,349.0,0.87,Medium
185.0,60.0,987.0,0.38,378.0,0.11,Medium
225.0,147.0,533.0,8.28,794.0,0.18,Medium
81.0,68.0,238.0,1.58,101.0,0.74,Low
156.0,183.0,492.0,5.94,293.0,0.16,Low
211.0,165.0,889.0,5.94,265.0,0.55,Medium
169.0,162.0,361.0,1.64,209.0,0.53,Low
342.0,114.0,530.0,1.23,479.0,0.38,High
187.0,148.0,303.0,9.8,682.0,0.88,Low
153.0,121.0,360.0,3.94,775.0,0.25,Low
118.0,101.0,998.0,2.27,384.0,0.42,Medium
238.0,167.0,834.0,1.71,520.0,0.8,High
150.0,169.0,253.0,6.68,212.0,0.13,Low
320.0,56.0,233.0,6.09,327.0,0.71,Low
115.0,60.0,441.0,6.44,570.0,0.83,Low
163.0,152.0,312.0,0.88,627.0,0.94,Low
342.0,126.0,517.0,8.94,595.0,0.89,Medium
251.0,117.0,222.0,3.89,130.0,0.39,Low
252.0,126.0,757.0,3.13,261.0,0.63,High
126.0,151.0,846.0,4.62,477.0,0.17,Medium
220.0,159.0,317.0,3.9,545.0,0.33,Medium
197.0,189.0,900.0,8.64,526.0,0.18,Medium
293.0,100.0,842.0,9.29,795.0,0.38,Medium
299.0,166.0,411.0,3.03,603.0,0.89,Medium
105.0,95.0,617.0,8.64,626.0,0.41,Low
215.0,102.0,609.0,7.82,783.0,0.61,Low
89.0,137.0,243.0,9.31,631.0,0.49,Low
204.0,62.0,357.0,5.77,619.0,0.97,Low
249.0,138.0,984.0,2.75,133.0,0.37,High
151.0,174.0,593.0,8.24,790.0,0.66,Low
231.0,167.0,711.0,0.05,589.0,0.48,Medium
287.0,103.0,244.0,5.65,719.0,0.16,Low
128.0,165.0,307.0,3.39,522.0,0.54,Low
233.0,167.0,418.0,3.23,567.0,0.83,Medium
147.0,53.0,642.0,6.45,123.0,0.19,Low
129.0,124.0,514.0,8.51,315.0,0.16,Low
231.0,98.0,609.0,6.09,154.0,0.24,Low
98.0,56.0,427.0,8.53,125.0,0.79,Low
179.0,159.0,902.0,2.65,380.0,0.75,Medium
139.0,171.0,871.0,5.2,426.0,0.61,Medium
246.0,60.0,466.0,4.51,285.0,0.52,Low
281.0,141.0,578.0,0.12,594.0,0.9,Medium
243.0,77.0,901.0,6.62,740.0,0.83,Medium
321.0,160.0,886.0,5.92,533.0,0.83,High
148.0,106.0,489.0,7.36,307.0,0.68,Low
254.0,75.0,556.0,5.71,232.0,0.51,Medium
128.0,103.0,856.0,0.67,438.0,0.88,Medium
305.0,146.0,403.0,5.96,361.0,0.12,Medium
240.0,63.0,412.0,2.75,381.0,0.15,Low
198.0,127.0,751.0,0.8,468.0,0.96,Medium
228.0,126.0,609.0,4.3,202.0,0.35,Medium
229.0,79.0,522.0,5.54,731.0,0.89,Low
239.0,66.0,380.0,4.71,522.0,0.21,Low
90.0,142.0,698.0,6.44,108.0,0.17,Low
217.0,128.0,519.0,3.33,656.0,0.24,Medium
215.0,151.0,502.0,6.49,723.0,0.54,Low
333.0,155.0,461.0,4.71,666.0,0.73,Medium
337.0,96.0,983.0,5.53,492.0,0.99,High
342.0,126.0,399.0,0.11,626.0,0.5,Medium
164.0,113.0,439.0,6.97,136.0,0.57,Low
225.0,136.0,891.0,3.76,277.0,0.57,Medium
121.0,56.0,609.0,9.43,738.0,0.59,Low
204.0,71.0,494.0,8.18,728.0,0.57,Low
246.0,130.0,711.0,5.88,171.0,0.11,Medium
320.0,123.0,888.0,2.52,451.0,0.1,High
267.0,187.0,595.0,2.04,722.0,0.19,High
98.0,184.0,948.0,3.4,248.0,0.19,Medium
147.0,174.0,337.0,4.77,796.0,0.73,Low
297.0,99.0,328.0,2.96,204.0,0.28,Medium
181.0,101.0,248.0,5.15,758.0,0.91,Low
121.0,50.0,875.0,1.65,320.0,0.94,Low
246.0,53.0,988.0,9.78,473.0,0.98,Medium
188.0,194.0,492.0,1.08,617.0,0.95,Medium
115.0,181.0,827.0,9.32,359.0,0.34,Medium
311.0,53.0,735.0,9.14,398.0,0.56,Medium
308.0,50.0,510.0,4.71,141.0,0.26,Medium
243.0,120.0,736.0,7.25,591.0,0.83,Medium
152.0,84.0,838.0,4.36,538.0,0.9,Medium
215.0,57.0,433.0,6.3,146.0,0.87,Low
149.0,85.0,408.0,3.41,184.0,0.49,Low
275.0,172.0,804.0,3.01,785.0,0.78,High
348.0,92.0,293.0,5.78,157.0,0.19,Medium
128.0,76.0,526.0,4.98,308.0,0.14,Low
209.0,81.0,424.0,5.8,347.0,0.78,Low
84.0,127.0,991.0,2.87,310.0,0.48,Medium
106.0,170.0,210.0,3.67,138.0,1.0,Low
239.0,195.0,528.0,0.84,351.0,0.19,Medium
215.0,65.0,211.0,0.52,742.0,0.87,Low
343.0,126.0,234.0,2.53,512.0,0.53,Medium
309.0,96.0,646.0,0.74,545.0,0.84,Medium
279.0,80.0,651.0,1.04,151.0,0.84,Medium
129.0,53.0,939.0,8.13,473.0,0.92,Low
146.0,66.0,419.0,0.39,625.0,0.37,Low
137.0,88.0,640.0,6.59,255.0,0.95,Low
338.0,97.0,852.0,2.73,641.0,0.24,High
209.0,88.0,734.0,8.72,189.0,0.17,Medium
294.0,181.0,794.0,4.85,778.0,0.49,High
251.0,79.0,428.0,3.06,450.0,0.85,Medium
337.0,71.0,543.0,5.18,168.0,0.53,Medium
181.0,115.0,279.0,3.82,262.0,0.85,Low
288.0,157.0,552.0,5.64,341.0,0.76,Medium
195.0,61.0,595.0,1.15,594.0,0.29,Medium
229.0,67.0,609.0,4.26,151.0,0.15,Medium
115.0,139.0,870.0,3.48,753.0,0.91,Medium
287.0,50.0,327.0,7.1,162.0,0.37,Low
185.0,176.0,901.0,3.64,608.0,0.55,Medium
237.0,139.0,742.0,8.33,391.0,0.48,Medium
200.0,136.0,558.0,4.54,190.0,0.25,Medium
134.0,139.0,726.0,7.2,763.0,0.42,Low
91.0,183.0,512.0,1.07,523.0,0.27,Low
224.0,119.0,274.0,8.46,768.0,0.28,Low
215.0,93.0,745.0,7.36,464.0,0.27,Medium
82.0,135.0,395.0,2.12,249.0,0.54,Low
223.0,68.0,228.0,1.45,370.0,0.82,Low
109.0,150.0,905.0,3.16,680.0,0.61,Medium
316.0,195.0,215.0,9.76,215.0,0.9,Medium
194.0,144.0,622.0,2.57,615.0,0.67,Medium
183.0,150.0,788.0,4.56,686.0,0.72,Medium
197.0,79.0,792.0,0.3,340.0,0.7,Medium
84.0,82.0,604.0,3.97,129.0,0.5,Low
327.0,61.0,835.0,5.71,242.0,0.72,Medium
228.0,143.0,813.0,5.17,794.0,0.87,Medium
163.0,186.0,276.0,8.19,115.0,0.8,Low
310.0,198.0,428.0,5.47,210.0,0.32,Medium
240.0,125.0,496.0,0.41,206.0,0.79,Medium
117.0,78.0,709.0,3.15,478.0,0.11,Low
305.0,166.0,914.0,5.76,261.0,0.3,High
221.0,64.0,772.0,9.51,382.0,0.16,Medium
230.0,51.0,737.0,8.59,368.0,0.8,Low
193.0,166.0,782.0,2.28,583.0,0.78,Medium
316.0,67.0,814.0,2.2,766.0,0.83,High
145.0,52.0,525.0,2.01,172.0,0.1,Low
337.0,184.0,609.0,9.22,296.0,0.55,Medium
328.0,157.0,868.0,8.53,342.0,0.73,High
259.0,144.0,558.0,7.75,697.0,0.24,Medium
269.0,171.0,905.0,3.93,358.0,0.68,High
233.0,126.0,986.0,5.04,248.0,0.18,Medium
275.0,117.0,523.0,4.64,489.0,0.26,Medium
341.0,172.0,897.0,2.53,515.0,0.53,High
222.0,162.0,525.0,5.05,525.0,0.69,Medium
180.0,147.0,609.0,0.3,316.0,0.23,Medium
323.0,126.0,364.0,1.32,185.0,0.27,Medium
91.0,71.0,772.0,8.87,315.0,0.28,Low
318.0,176.0,803.0,7.52,522.0,0.31,High
128.0,183.0,997.0,4.23,419.0,0.3,Medium
245.0,134.0,609.0,3.7,514.0,0.69,Medium
161.0,126.0,936.0,7.41,698.0,0.49,Medium
237.0,193.0,326.0,7.84,139.0,0.8,Medium
295.0,144.0,392.0,7.63,260.0,0.75,Medium
237.0,191.0,826.0,7.23,636.0,0.21,Medium
213.0,168.0,973.0,2.05,519.0,0.14,High
86.0,199.0,209.0,4.7,194.0,0.17,Low
93.0,91.0,291.0,3.31,541.0,0.23,Low
152.0,102.0,338.0,7.55,657.0,0.12,Low
242.0,123.0,680.0,3.29,749.0,0.67,Medium
145.0,88.0,648.0,1.38,565.0,0.62,Low
209.0,171.0,609.0,3.99,387.0,0.99,Medium
285.0,64.0,539.0,9.8,775.0,0.9,Medium
335.0,172.0,251.0,2.26,511.0,0.47,Medium
104.0,180.0,665.0,4.33,627.0,0.37,Medium
332.0,132.0,917.0,0.71,117.0,0.24,High
243.0,59.0,998.0,4.88,235.0,0.22,Medium
215.0,141.0,674.0,7.02,563.0,0.22,Medium
215.0,78.0,600.0,5.13,347.0,0.2,Medium
189.0,84.0,638.0,4.71,100.0,0.32,Low
317.0,55.0,804.0,2.89,480.0,0.38,Medium
104.0,189.0,856.0,0.86,608.0,0.97,Medium
220.0,160.0,797.0,9.37,559.0,0.62,Medium
196.0,87.0,708.0,3.78,604.0,0.99,Medium
104.0,126.0,352.0,5.76,575.0,0.44,Low
158.0,142.0,713.0,7.92,656.0,0.51,Medium
147.0,196.0,702.0,3.24,131.0,0.39,Medium
252.0,116.0,971.0,7.16,217.0,0.26,Medium
91.0,185.0,875.0,1.35,283.0,0.23,Medium
207.0,126.0,205.0,2.91,290.0,0.95,Low
175.0,171.0,699.0,1.45,173.0,0.99,Medium
171.0,133.0,860.0,8.11,722.0,0.14,Medium
220.0,181.0,916.0,2.23,202.0,0.24,High
110.0,134.0,317.0,7.17,685.0,0.48,Low
99.0,94.0,684.0,9.43,519.0,0.27,Low
225.0,185.0,800.0,5.28,572.0,0.43,Medium
239.0,136.0,865.0,5.4,213.0,0.22,Medium
122.0,65.0,878.0,4.61,478.0,0.51,Low
333.0,126.0,667.0,3.26,412.0,0.34,High
209.0,58.0,360.0,4.76,429.0,0.42,Low
139.0,109.0,469.0,6.03,438.0,0.18,Low
230.0,127.0,1020.0,9.86,337.0,0.49,Low
84.0,126.0,427.0,9.38,272.0,0.98,Low
345.0,120.0,348.0,8.62,178.0,0.4,Medium
215.0,64.0,245.0,8.89,563.0,0.89,Low
346.0,120.0,343.0,4.68,704.0,0.86,Medium
257.0,151.0,949.0,4.71,600.0,0.96,High
332.0,71.0,983.0,8.95,661.0,0.81,High
135.0,162.0,831.0,3.93,384.0,0.69,Medium
162.0,50.0,609.0,9.62,322.0,0.87,Low
178.0,59.0,612.0,4.16,692.0,0.17,Low
228.0,159.0,931.0,6.01,365.0,0.52,Medium
235.0,162.0,719.0,7.1,766.0,0.99,Medium
269.0,99.0,543.0,9.51,472.0,0.79,Medium
342.0,61.0,586.0,2.45,332.0,0.97,Medium
159.0,138.0,672.0,7.46,335.0,0.8,Low
331.0,161.0,474.0,5.21,770.0,0.89,Medium
176.0,127.0,552.0,2.69,413.0,0.74,Medium
339.0,170.0,265.0,7.77,479.0,0.78,Medium
339.0,72.0,278.0,5.52,713.0,0.57,Medium
182.0,183.0,797.0,6.61,662.0,0.93,Medium
215.0,74.0,835.0,3.23,519.0,0.84,Low
180.0,67.0,401.0,4.81,151.0,0.86,Low
300.0,190.0,609.0,4.71,742.0,0.71,High
203.0,92.0,757.0,4.05,608.0,0.37,Medium
310.0,127.0,312.0,1.98,304.0,0.13,Medium
257.0,77.0,290.0,4.71,356.0,0.94,Low
142.0,195.0,340.0,5.11,284.0,0.63,Low
195.0,108.0,488.0,7.34,244.0,0.37,Low
270.0,112.0,929.0,4.11,789.0,0.23,High
141.0,141.0,609.0,3.55,113.0,0.85,Medium
335.0,105.0,610.0,4.07,345.0,0.85,Medium
86.0,160.0,576.0,4.09,286.0,0.83,Low
234.0,186.0,583.0,5.44,436.0,0.68,Medium
171.0,117.0,351.0,5.43,358.0,0.43,Low
93.0,95.0,950.0,4.97,139.0,0.37,Low
308.0,116.0,826.0,1.35,700.0,0.11,High
165.0,185.0,518.0,4.96,736.0,0.85,Medium
212.0,55.0,568.0,1.69,517.0,0.18,Medium
262.0,73.0,805.0,1.26,450.0,0.67,Medium
141.0,143.0,759.0,9.33,108.0,0.55,Low
298.0,62.0,902.0,6.05,449.0,0.57,Medium
325.0,74.0,661.0,6.59,183.0,0.93,Medium
309.0,197.0,211.0,4.02,632.0,0.13,Medium
158.0,167.0,355.0,4.71,457.0,0.8,Low
228.0,131.0,883.0,6.38,477.0,0.15,Medium
217.0,160.0,676.0,7.69,271.0,0.13,Medium
144.0,131.0,600.0,3.69,124.0,0.49,Low
92.0,115.0,376.0,9.6,492.0,0.16,Low
292.0,94.0,540.0,8.2,202.0,0.81,Medium
321.0,163.0,256.0,8.54,335.0,0.58,Medium
292.0,112.0,647.0,1.72,509.0,0.13,Medium
260.0,125.0,402.0,2.71,648.0,0.14,Medium
252.0,163.0,896.0,2.86,431.0,0.65,High
239.0,160.0,832.0,2.71,763.0,0.83,High
243.0,196.0,937.0,4.71,631.0,0.49,High
267.0,84.0,1604.0,0.32,748.0,0.6,Medium
270.0,102.0,529.0,0.76,128.0,0.82,Medium
335.0,75.0,562.0,2.74,642.0,0.65,Medium
262.0,63.0,653.0,2.0,118.0,0.3,Medium
196.0,167.0,555.0,2.32,247.0,0.65,Medium
275.0,94.0,415.0,7.98,570.0,0.67,Medium
113.0,100.0,754.0,5.63,590.0,0.76,Low
131.0,168.0,222.0,0.06,382.0,0.66,Low
191.0,68.0,354.0,4.29,774.0,0.97,Low
331.0,131.0,385.0,4.08,212.0,0.28,Medium
161.0,125.0,448.0,1.14,554.0,0.96,Low
311.0,141.0,609.0,4.71,761.0,0.58,High
306.0,82.0,333.0,7.02,429.0,0.7,Medium
312.0,196.0,520.0,7.21,354.0,0.19,Medium
121.0,126.0,633.0,0.0,498.0,0.79,Medium
100.0,175.0,221.0,9.54,709.0,0.74,Low
121.0,86.0,799.0,8.14,607.0,0.14,Low
192.0,148.0,864.0,9.04,743.0,0.59,Medium
184.0,147.0,324.0,0.16,565.0,0.18,Medium
271.0,176.0,278.0,9.34,506.0,1.0,Medium
96.0,129.0,250.0,8.1,708.0,0.91,Low
199.0,87.0,927.0,8.37,197.0,0.12,Medium
208.0,126.0,375.0,0.93,389.0,0.87,Medium
209.0,175.0,452.0,7.39,756.0,0.93,Medium
139.0,136.0,445.0,9.6,255.0,0.42,Low
127.0,103.0,938.0,6.79,261.0,0.75,Medium
108.0,199.0,305.0,5.71,723.0,0.5,Low
176.0,65.0,392.0,9.46,796.0,0.69,Low
321.0,95.0,501.0,4.71,476.0,0.39,Medium
311.0,121.0,747.0,4.76,666.0,0.48,High
282.0,134.0,915.0,9.33,549.0,0.23,Medium
326.0,75.0,978.0,0.76,216.0,0.85,High
343.0,134.0,467.0,4.71,704.0,0.41,Medium
293.0,114.0,369.0,6.87,605.0,0.46,Medium
279.0,183.0,609.0,7.92,288.0,0.9,Medium
158.0,164.0,654.0,5.83,575.0,0.55,Medium
252.0,113.0,850.0,9.09,422.0,0.59,Medium
148.0,136.0,491.0,9.42,695.0,0.96,Low
180.0,145.0,998.0,4.02,280.0,0.25,Medium
87.0,126.0,340.0,0.23,792.0,0.53,Low
279.0,195.0,345.0,3.29,386.0,0.97,Medium
166.0,136.0,624.0,5.37,574.0,0.44,Medium
122.0,198.0,513.0,9.11,717.0,0.43,Low
188.0,106.0,383.0,8.47,740.0,0.28,Low
231.0,126.0,863.0,1.27,361.0,0.2,High
212.0,94.0,327.0,5.89,261.0,0.79,Low
227.0,126.0,486.0,5.32,586.0,0.97,Medium
311.0,164.0,452.0,2.66,280.0,0.8,Medium
307.0,96.0,977.0,8.99,568.0,0.32,High
218.0,184.0,899.0,9.27,120.0,0.14,Medium
290.0,99.0,585.0,4.03,374.0,0.99,Medium
130.0,140.0,470.0,3.84,432.0,0.38,Low
340.0,183.0,970.0,7.37,565.0,0.92,High
340.0,126.0,614.0,4.76,215.0,0.63,High
87.0,186.0,397.0,1.23,512.0,0.29,Low
217.0,158.0,522.0,9.28,636.0,0.9,Medium
117.0,106.0,255.0,4.71,356.0,0.99,Low
215.0,80.0,402.0,7.34,267.0,0.18,Low
299.0,70.0,982.0,3.67,632.0,0.88,High
302.0,139.0,820.0,0.19,697.0,0.45,High
215.0,89.0,827.0,1.01,114.0,0.57,Medium
335.0,161.0,803.0,4.96,149.0,0.92,High
128.0,94.0,337.0,6.9,403.0,0.98,Low
157.0,126.0,621.0,3.35,586.0,0.34,Medium
184.0,136.0,256.0,6.95,515.0,0.29,Low
248.0,197.0,761.0,6.99,404.0,0.17,Medium
296.0,150.0,270.0,7.04,295.0,0.61,Medium
198.0,166.0,793.0,4.93,487.0,0.11,Medium
269.0,141.0,571.0,9.15,554.0,0.47,Medium
334.0,194.0,816.0,4.89,757.0,0.17,High
345.0,77.0,799.0,4.5,409.0,0.46,High
243.0,107.0,283.0,3.08,274.0,0.85,Low
219.0,90.0,242.0,0.42,233.0,0.29,Low
337.0,183.0,865.0,6.34,165.0,0.4,High
348.0,124.0,805.0,2.49,492.0,0.88,High
260.0,87.0,332.0,4.71,464.0,0.77,Medium
239.0,126.0,594.0,7.71,378.0,0.3,Medium
305.0,124.0,264.0,3.27,462.0,0.16,Medium
90.0,191.0,489.0,2.42,270.0,0.74,Low
89.0,115.0,575.0,1.69,150.0,0.45,Low
215.0,52.0,968.0,7.75,427.0,0.79,Medium
232.0,166.0,666.0,1.3,764.0,0.5,Medium
203.0,126.0,609.0,4.54,691.0,0.41,Medium
193.0,68.0,347.0,5.07,244.0,0.51,Low
292.0,195.0,772.0,4.71,373.0,0.77,High
251.0,165.0,670.0,6.33,254.0,0.91,Medium
253.0,126.0,348.0,8.11,607.0,0.14,Medium
192.0,137.0,287.0,0.45,462.0,0.57,Low
111.0,50.0,595.0,4.71,754.0,0.52,Low
301.0,126.0,989.0,1.46,397.0,0.9,High
198.0,138.0,603.0,2.89,593.0,0.43,Medium
118.0,193.0,281.0,3.1,645.0,0.94,Low
347.0,196.0,840.0,5.22,403.0,0.67,High
97.0,65.0,581.0,3.81,338.0,0.78,Low
228.0,122.0,991.0,7.19,749.0,0.19,Medium
228.0,178.0,469.0,3.36,616.0,0.31,Medium
205.0,91.0,491.0,2.9,275.0,0.45,Low
317.0,196.0,652.0,5.41,509.0,0.25,High
214.0,129.0,914.0,0.24,463.0,0.55,Medium
230.0,153.0,223.0,0.8,122.0,0.52,Medium
315.0,195.0,510.0,4.18,417.0,0.96,High
303.0,83.0,660.0,9.43,624.0,0.49,Medium
282.0,138.0,609.0,4.71,375.0,0.81,Medium
335.0,174.0,991.0,0.88,703.0,0.95,High
215.0,94.0,609.0,4.71,719.0,0.89,Medium
229.0,183.0,863.0,7.32,328.0,0.29,Medium
314.0,70.0,637.0,6.11,763.0,0.55,Medium
101.0,171.0,737.0,8.2,207.0,0.41,Low
348.0,119.0,905.0,4.04,275.0,0.46,High
337.0,145.0,535.0,4.71,419.0,0.42,High
108.0,154.0,621.0,5.12,385.0,0.84,Low
129.0,88.0,520.0,5.38,756.0,0.57,Low
174.0,80.0,696.0,5.65,455.0,0.98,Low
167.0,59.0,786.0,9.49,113.0,0.15,Low
123.0,79.0,609.0,9.02,374.0,0.54,Low
250.0,67.0,740.0,8.76,170.0,0.8,Medium
268.0,137.0,364.0,8.01,294.0,0.24,Medium
263.0,174.0,897.0,9.43,622.0,0.65,Medium
82.0,122.0,765.0,0.98,205.0,0.32,Low
270.0,126.0,494.0,2.65,295.0,0.88,Medium
98.0,58.0,484.0,8.47,449.0,0.4,Low
102.0,158.0,586.0,5.05,523.0,0.64,Low
109.0,186.0,337.0,7.48,570.0,0.27,Low
187.0,181.0,386.0,1.39,785.0,0.36,Medium
207.0,65.0,915.0,2.52,315.0,0.47,Medium
308.0,192.0,630.0,7.32,192.0,0.42,High
190.0,148.0,753.0,1.65,359.0,0.57,Medium
215.0,170.0,615.0,3.51,674.0,0.64,Medium
265.0,101.0,999.0,2.65,640.0,0.61,High
223.0,118.0,625.0,3.5,384.0,0.69,Medium
151.0,54.0,615.0,7.08,583.0,0.38,Low
208.0,69.0,225.0,3.68,471.0,0.21,Low
340.0,128.0,570.0,5.55,169.0,0.78,Medium
82.0,195.0,584.0,1.0,478.0,0.87,Medium
183.0,160.0,255.0,8.05,378.0,0.33,Low
303.0,51.0,452.0,3.7,401.0,0.47,Medium
89.0,142.0,833.0,6.49,354.0,0.55,Low
310.0,62.0,305.0,7.25,783.0,0.58,Low
298.0,53.0,329.0,2.1,791.0,0.69,Medium
145.0,158.0,869.0,8.85,363.0,0.14,Medium
191.0,123.0,609.0,6.16,794.0,0.75,Medium
92.0,144.0,609.0,4.29,523.0,0.16,Medium
165.0,154.0,507.0,1.82,312.0,0.52,Medium
169.0,116.0,592.0,7.55,199.0,0.51,Low
133.0,159.0,733.0,2.08,211.0,0.23,Medium
215.0,58.0,309.0,3.38,407.0,0.99,Low
288.0,166.0,760.0,8.1,777.0,0.9,Medium
93.0,60.0,609.0,6.96,574.0,0.79,Low
200.0,126.0,784.0,7.66,647.0,0.47,Medium
99.0,91.0,539.0,4.41,211.0,0.27,Low
154.0,190.0,764.0,7.16,186.0,0.95,Medium
322.0,169.0,555.0,3.86,282.0,0.58,High
302.0,190.0,367.0,2.11,696.0,0.87,Medium
149.0,61.0,756.0,6.33,264.0,0.41,Low
290.0,86.0,651.0,9.76,189.0,0.4,Medium
180.0,123.0,304.0,3.11,554.0,0.99,Low
265.0,122.0,609.0,4.61,337.0,0.57,Medium
211.0,101.0,345.0,6.74,633.0,0.23,Low
211.0,105.0,498.0,8.43,157.0,0.53,Low
99.0,109.0,366.0,7.62,641.0,0.14,Low
103.0,72.0,912.0,0.58,717.0,0.52,Medium
306.0,152.0,845.0,9.98,501.0,0.48,High
215.0,89.0,922.0,7.52,778.0,0.8,Medium
309.0,113.0,247.0,8.64,765.0,0.42,Medium
281.0,134.0,837.0,6.51,618.0,0.98,Medium
339.0,80.0,206.0,1.12,145.0,0.63,Medium
267.0,69.0,663.0,3.48,629.0,0.18,Medium
136.0,179.0,652.0,8.76,496.0,0.76,Low
99.0,62.0,983.0,2.02,764.0,1.0,Low
198.0,171.0,570.0,0.78,173.0,0.84,Medium
150.0,152.0,748.0,7.88,515.0,0.6,Medium
83.0,155.0,686.0,8.35,756.0,0.54,Low
300.0,168.0,410.0,1.63,713.0,0.85,Medium
93.0,119.0,364.0,8.54,434.0,0.94,Low
82.0,148.0,324.0,6.87,732.0,0.99,Low
295.0,131.0,536.0,5.2,787.0,0.46,Medium
308.0,124.0,391.0,8.3,674.0,0.99,Medium
265.0,167.0,929.0,4.19,395.0,0.24,High
134.0,133.0,413.0,1.94,183.0,0.33,Low
333.0,118.0,773.0,2.85,114.0,0.18,High
103.0,108.0,527.0,5.05,233.0,0.34,Low
241.0,126.0,609.0,5.31,577.0,0.79,Medium
237.0,160.0,872.0,8.06,732.0,0.87,Medium
161.0,111.0,777.0,7.91,418.0,0.8,Low
238.0,193.0,609.0,5.81,491.0,0.67,High
215.0,126.0,438.0,7.81,578.0,0.56,Medium
139.0,154.0,731.0,1.92,739.0,0.74,Medium
290.0,117.0,899.0,0.5,467.0,0.45,High
231.0,64.0,281.0,4.71,466.0,0.86,Low
188.0,84.0,562.0,0.76,387.0,0.71,Medium
155.0,63.0,704.0,2.47,477.0,0.73,Low
109.0,151.0,401.0,6.95,791.0,0.58,Low
196.0,149.0,703.0,4.71,562.0,0.9,Medium
271.0,56.0,843.0,8.76,693.0,0.33,Medium
98.0,79.0,236.0,2.98,112.0,0.44,Low
307.0,193.0,788.0,3.01,267.0,0.54,High
262.0,160.0,800.0,5.78,369.0,0.9,Medium
192.0,121.0,601.0,3.76,169.0,0.41,Medium
262.0,129.0,964.0,5.35,417.0,0.43,High
225.0,132.0,905.0,8.77,475.0,0.9,Medium
195.0,91.0,375.0,9.12,188.0,0.52,Low
192.0,66.0,744.0,2.66,356.0,0.56,Medium
330.0,56.0,769.0,4.62,316.0,0.4,Medium
330.0,59.0,666.0,5.49,549.0,0.35,Medium
215.0,83.0,400.0,9.49,643.0,0.69,Low
240.0,85.0,739.0,9.99,240.0,0.21,Medium
277.0,55.0,746.0,2.35,260.0,0.89,Medium
339.0,195.0,836.0,7.27,131.0,0.8,High
227.0,183.0,593.0,3.78,251.0,0.27,Medium
319.0,78.0,241.0,0.08,359.0,0.72,Medium
126.0,175.0,796.0,0.09,378.0,0.64,Medium
277.0,130.0,592.0,4.61,384.0,0.27,Medium
126.0,124.0,899.0,4.88,709.0,0.35,Medium
203.0,176.0,982.0,6.87,701.0,0.73,Medium
154.0,164.0,640.0,2.94,247.0,0.67,Medium
216.0,175.0,816.0,5.6,755.0,0.58,Medium
169.0,77.0,705.0,3.01,166.0,0.79,Medium
140.0,180.0,519.0,1.67,669.0,0.78,Medium
217.0,124.0,752.0,4.07,378.0,0.66,Medium
129.0,127.0,414.0,2.32,542.0,0.81,Low
338.0,139.0,270.0,5.35,498.0,0.4,Medium
186.0,70.0,767.0,1.99,227.0,0.89,Medium
192.0,103.0,435.0,5.08,436.0,0.65,Low
333.0,152.0,480.0,1.57,581.0,0.84,High
197.0,108.0,816.0,6.71,285.0,0.59,Medium
277.0,121.0,361.0,7.54,268.0,0.3,Medium
130.0,69.0,390.0,1.1,783.0,0.59,Low
324.0,161.0,208.0,4.68,359.0,0.43,Medium
114.0,108.0,259.0,0.71,746.0,0.73,Low
148.0,120.0,424.0,4.71,657.0,0.53,Low
128.0,186.0,899.0,2.64,606.0,0.85,Medium
153.0,158.0,781.0,5.28,620.0,0.71,Medium
271.0,178.0,486.0,5.17,570.0,0.72,Medium
340.0,105.0,368.0,9.24,260.0,0.3,Medium
149.0,84.0,261.0,5.49,388.0,0.99,Low
169.0,172.0,548.0,5.83,439.0,0.86,Medium
339.0,180.0,641.0,4.02,601.0,0.81,High
205.0,153.0,213.0,9.49,205.0,0.4,Low
310.0,56.0,363.0,7.77,574.0,0.58,Low
208.0,76.0,619.0,2.85,699.0,0.22,Medium
179.0,50.0,956.0,8.44,562.0,0.58,Medium
261.0,136.0,719.0,4.32,582.0,0.23,Medium
253.0,90.0,865.0,8.29,252.0,0.6,Medium
267.0,172.0,747.0,8.23,748.0,0.68,Medium
136.0,124.0,759.0,1.89,248.0,0.45,Medium
110.0,91.0,796.0,7.01,287.0,0.55,Low
163.0,166.0,227.0,2.91,752.0,0.89,Low
231.0,112.0,907.0,4.71,230.0,0.2,Medium
115.0,176.0,645.0,2.96,551.0,0.81,Medium
292.0,182.0,407.0,7.26,615.0,0.25,Medium
185.0,97.0,669.0,2.3,590.0,0.13,Medium
299.0,52.0,915.0,0.01,575.0,0.27,High
242.0,165.0,303.0,7.15,362.0,0.79,Medium
299.0,148.0,941.0,1.71,637.0,0.46,High
349.0,165.0,625.0,1.04,558.0,0.89,High
199.0,63.0,300.0,2.38,635.0,0.57,Low
185.0,110.0,838.0,4.76,783.0,0.75,Medium
296.0,144.0,721.0,0.45,394.0,0.2,High
284.0,66.0,305.0,9.71,534.0,0.81,Low
149.0,173.0,878.0,7.16,374.0,0.25,Medium
123.0,73.0,968.0,3.23,687.0,0.41,Medium
307.0,165.0,476.0,3.19,407.0,0.79,Medium
263.0,131.0,264.0,4.49,475.0,0.96,Medium
186.0,99.0,982.0,6.26,257.0,0.43,Medium
163.0,128.0,387.0,1.46,303.0,0.85,Low
100.0,119.0,337.0,8.59,174.0,0.83,Low
275.0,76.0,542.0,2.56,479.0,0.69,Medium
257.0,64.0,304.0,4.71,403.0,0.27,Low
86.0,99.0,745.0,8.71,161.0,0.37,Low
149.0,85.0,579.0,6.63,669.0,0.22,Low
206.0,57.0,309.0,3.42,207.0,0.44,Low
239.0,128.0,744.0,6.84,286.0,0.28,Medium
327.0,180.0,553.0,0.2,328.0,0.68,High
282.0,96.0,942.0,7.36,147.0,1.0,Medium
227.0,154.0,516.0,4.87,367.0,0.11,Medium
278.0,145.0,893.0,9.55,186.0,0.62,Medium
233.0,165.0,264.0,9.26,280.0,0.92,Low
221.0,62.0,532.0,9.09,124.0,0.56,Low
244.0,50.0,712.0,5.12,487.0,0.59,Medium
100.0,83.0,332.0,3.6,321.0,0.52,Low
161.0,128.0,791.0,4.65,496.0,0.34,Medium
148.0,127.0,982.0,6.9,610.0,0.15,Medium
210.0,170.0,952.0,8.84,660.0,0.47,Medium
166.0,142.0,739.0,2.07,539.0,0.15,Medium
297.0,147.0,934.0,9.18,274.0,0.6,High
240.0,131.0,734.0,8.15,410.0,0.38,Medium
257.0,87.0,695.0,9.79,373.0,0.58,Medium
196.0,63.0,820.0,8.8,134.0,0.22,Low
275.0,185.0,818.0,2.8,316.0,0.94,High
165.0,140.0,856.0,1.06,771.0,0.91,Medium
160.0,103.0,568.0,1.12,507.0,0.27,Low
231.0,179.0,609.0,2.91,618.0,0.41,High
140.0,150.0,995.0,6.14,368.0,0.65,Medium
140.0,138.0,298.0,8.04,737.0,0.19,Low
107.0,105.0,516.0,8.99,574.0,0.42,Low
122.0,143.0,322.0,6.24,424.0,0.33,Low
248.0,142.0,519.0,0.06,455.0,0.92,Medium
165.0,133.0,998.0,1.86,189.0,0.87,Medium
256.0,134.0,792.0,1.0,141.0,0.62,High
96.0,71.0,694.0,3.63,464.0,0.57,Low
177.0,84.0,656.0,5.01,770.0,0.94,Low
177.0,99.0,719.0,3.48,465.0,0.97,Medium
144.0,171.0,916.0,1.79,387.0,0.21,Medium
84.0,177.0,514.0,6.47,702.0,0.24,Low
81.0,162.0,908.0,4.64,580.0,0.71,Medium
101.0,66.0,909.0,4.95,736.0,0.59,Low
191.0,129.0,741.0,4.28,600.0,0.12,Medium
136.0,179.0,678.0,9.56,737.0,0.16,Low
145.0,181.0,219.0,2.15,151.0,0.9,Low
177.0,134.0,759.0,5.17,202.0,0.88,Medium
223.0,143.0,329.0,7.36,460.0,0.42,Low
204.0,183.0,492.0,5.57,523.0,0.9,Medium
246.0,130.0,331.0,9.29,798.0,0.63,Low
155.0,118.0,609.0,4.64,113.0,0.48,Low
138.0,197.0,992.0,0.89,715.0,0.2,Medium
217.0,65.0,586.0,6.09,728.0,0.49,Low
178.0,100.0,464.0,2.88,569.0,0.51,Low
271.0,154.0,414.0,1.6,565.0,0.6,Medium
322.0,115.0,659.0,5.45,403.0,0.2,Medium
128.0,58.0,657.0,5.32,704.0,0.99,Low
111.0,156.0,242.0,0.76,526.0,0.32,Low
99.0,149.0,785.0,6.98,755.0,0.28,Low
233.0,135.0,477.0,6.24,209.0,0.57,Medium
147.0,113.0,953.0,1.89,774.0,0.58,Medium
293.0,71.0,329.0,4.69,664.0,0.5,Medium
215.0,159.0,549.0,7.2,614.0,0.79,Medium
311.0,146.0,609.0,5.29,167.0,0.56,High
292.0,67.0,743.0,3.95,345.0,0.65,Medium
158.0,120.0,305.0,3.22,488.0,0.75,Low
293.0,176.0,915.0,6.1,749.0,0.12,High
195.0,146.0,200.0,9.39,407.0,0.61,Low
171.0,50.0,956.0,6.72,451.0,0.9,Medium
349.0,181.0,783.0,0.75,165.0,0.12,High
247.0,53.0,631.0,4.61,559.0,0.46,Medium
137.0,174.0,505.0,8.91,446.0,0.93,Low
105.0,131.0,726.0,0.94,424.0,0.42,Medium
145.0,76.0,252.0,9.89,766.0,0.51,Low
327.0,108.0,719.0,9.49,698.0,0.98,Medium
333.0,81.0,529.0,0.78,132.0,0.28,Medium
123.0,77.0,757.0,9.33,167.0,0.16,Low
176.0,155.0,524.0,3.63,286.0,0.87,Medium
121.0,154.0,313.0,8.45,291.0,0.88,Low
306.0,119.0,346.0,4.18,312.0,0.52,Medium
215.0,111.0,365.0,4.41,699.0,0.56,Medium
168.0,136.0,338.0,7.74,450.0,0.76,Low
257.0,163.0,828.0,0.34,207.0,0.34,High
276.0,155.0,498.0,5.93,339.0,0.12,Medium
346.0,105.0,475.0,1.87,315.0,0.53,Medium
347.0,162.0,988.0,3.46,276.0,0.87,High
153.0,62.0,377.0,3.48,664.0,0.91,Low
87.0,67.0,553.0,4.69,429.0,0.96,Low
243.0,162.0,353.0,3.34,660.0,0.89,Medium
164.0,88.0,400.0,1.07,725.0,0.62,Low
151.0,128.0,314.0,1.46,549.0,0.5,Low
134.0,195.0,870.0,0.33,706.0,0.8,Medium
126.0,79.0,753.0,4.7,546.0,0.77,Low
317.0,147.0,958.0,9.54,636.0,0.58,High
183.0,107.0,267.0,1.16,743.0,0.18,Low
289.0,116.0,644.0,9.46,278.0,0.93,Medium
121.0,120.0,644.0,7.33,494.0,0.51,Low
347.0,195.0,525.0,6.37,244.0,0.43,High
342.0,155.0,907.0,6.45,297.0,0.67,High
338.0,56.0,801.0,8.27,183.0,0.71,Medium
193.0,89.0,822.0,1.07,768.0,0.29,Medium
119.0,119.0,558.0,5.05,184.0,0.85,Low
299.0,117.0,344.0,6.97,556.0,0.36,Medium
208.0,98.0,474.0,5.87,575.0,0.27,Low
87.0,101.0,708.0,8.33,352.0,0.47,Low
180.0,163.0,378.0,0.72,171.0,0.76,Medium
255.0,156.0,952.0,6.91,322.0,0.97,High
186.0,78.0,676.0,5.34,375.0,0.83,Low
180.0,198.0,613.0,3.79,345.0,0.95,Medium
215.0,127.0,352.0,3.4,440.0,0.23,Medium
325.0,58.0,303.0,6.21,672.0,0.16,Medium
111.0,125.0,274.0,8.91,570.0,0.6,Low
216.0,91.0,327.0,4.96,553.0,0.36,Low
91.0,177.0,910.0,8.25,106.0,0.85,Medium
95.0,69.0,865.0,4.02,287.0,0.7,Low
208.0,121.0,767.0,1.02,103.0,0.97,Medium
142.0,114.0,989.0,0.62,744.0,0.33,Medium
188.0,162.0,544.0,0.51,224.0,0.54,Medium
100.0,73.0,730.0,3.8,114.0,0.55,Low
237.0,177.0,609.0,3.37,624.0,0.32,Medium
348.0,132.0,737.0,7.18,729.0,0.63,High
241.0,112.0,625.0,7.43,339.0,0.5,Medium
339.0,109.0,880.0,0.51,459.0,0.5,High
181.0,148.0,222.0,2.21,617.0,0.43,Low
302.0,111.0,246.0,2.74,419.0,0.12,Medium
138.0,79.0,724.0,5.48,330.0,0.57,Low
326.0,71.0,928.0,1.45,129.0,0.4,High
207.0,175.0,905.0,1.34,633.0,0.1,High
104.0,91.0,343.0,9.44,255.0,0.38,Low
210.0,147.0,784.0,8.04,729.0,0.35,Medium
275.0,80.0,867.0,1.81,498.0,0.45,Medium
233.0,161.0,788.0,4.07,445.0,0.22,Medium
212.0,195.0,618.0,3.56,294.0,0.56,Medium
306.0,171.0,880.0,7.91,267.0,0.72,High
268.0,66.0,609.0,5.1,476.0,0.67,Medium
344.0,87.0,284.0,1.28,588.0,0.82,Medium
213.0,191.0,615.0,7.39,461.0,0.51,Medium
290.0,159.0,893.0,3.97,581.0,0.57,High
139.0,71.0,681.0,2.63,343.0,0.83,Low
292.0,105.0,655.0,3.75,680.0,0.48,Medium
305.0,196.0,311.0,3.43,688.0,0.49,Medium
210.0,106.0,429.0,2.42,270.0,0.48,Medium
155.0,84.0,295.0,3.99,612.0,0.78,Low
235.0,163.0,879.0,0.19,505.0,0.26,High
327.0,174.0,609.0,4.71,673.0,0.4,Medium
297.0,178.0,355.0,1.71,306.0,0.3,Medium
269.0,101.0,620.0,0.44,253.0,0.42,Medium
242.0,134.0,304.0,6.54,147.0,0.31,Low
259.0,114.0,904.0,7.74,748.0,0.62,Medium
113.0,178.0,529.0,8.14,100.0,0.82,Low
120.0,70.0,609.0,4.94,506.0,0.81,Low
154.0,65.0,331.0,2.05,206.0,0.43,Low
255.0,172.0,581.0,7.37,272.0,0.99,Medium
229.0,110.0,337.0,7.0,605.0,0.63,Low
187.0,103.0,469.0,2.46,229.0,0.46,Low
218.0,75.0,749.0,9.03,497.0,0.85,Medium
291.0,129.0,595.0,1.04,393.0,0.76,Medium
145.0,114.0,756.0,9.83,651.0,0.77,Low
327.0,149.0,663.0,8.6,546.0,0.28,Medium
235.0,123.0,874.0,6.88,115.0,0.52,Medium
126.0,66.0,649.0,9.39,738.0,0.88,Low
280.0,170.0,530.0,7.22,448.0,0.55,Medium
227.0,72.0,452.0,1.9,302.0,0.72,Low
203.0,184.0,880.0,4.42,233.0,0.63,Medium
80.0,120.0,484.0,0.72,625.0,0.86,Low
326.0,157.0,473.0,3.9,607.0,0.36,Medium
207.0,128.0,219.0,7.42,165.0,0.62,Low
270.0,95.0,438.0,3.86,579.0,0.21,Medium
146.0,127.0,469.0,3.3,558.0,0.72,Low
83.0,65.0,617.0,5.95,441.0,0.76,Low
222.0,120.0,509.0,8.72,725.0,0.14,Low
270.0,145.0,230.0,0.48,258.0,0.71,Medium
100.0,196.0,303.0,3.85,260.0,0.47,Low
306.0,51.0,881.0,1.58,353.0,0.21,Medium
196.0,59.0,385.0,6.95,626.0,0.48,Low
221.0,174.0,327.0,1.06,648.0,0.27,Medium
118.0,130.0,409.0,6.65,254.0,0.47,Low
331.0,189.0,613.0,2.86,585.0,0.45,High
286.0,119.0,480.0,1.99,531.0,0.76,Medium
289.0,199.0,452.0,9.36,126.0,0.8,Medium
194.0,81.0,218.0,0.19,111.0,0.65,Low
304.0,154.0,911.0,4.38,166.0,0.12,High
213.0,133.0,931.0,0.22,641.0,0.94,High
330.0,178.0,335.0,4.84,195.0,0.72,Medium
298.0,107.0,422.0,4.71,314.0,0.13,Medium
170.0,126.0,202.0,3.22,293.0,0.84,Low
125.0,183.0,435.0,1.32,746.0,0.28,Low
117.0,94.0,664.0,3.76,389.0,0.62,Low
221.0,146.0,427.0,6.72,643.0,0.52,Medium
179.0,72.0,853.0,7.82,138.0,0.48,Medium
269.0,72.0,698.0,5.31,305.0,0.9,Medium
114.0,184.0,720.0,5.9,654.0,0.49,Medium
226.0,128.0,609.0,2.01,583.0,0.17,Medium
109.0,93.0,876.0,2.87,436.0,0.95,Medium
163.0,76.0,338.0,1.62,595.0,0.93,Low
349.0,75.0,475.0,2.49,348.0,0.72,Medium
181.0,85.0,252.0,5.19,472.0,0.18,Low
294.0,158.0,886.0,5.63,237.0,0.81,High
229.0,104.0,309.0,9.45,556.0,0.17,Low
162.0,118.0,914.0,1.96,543.0,0.16,Medium
189.0,110.0,847.0,6.42,452.0,0.58,Medium
280.0,179.0,203.0,8.17,510.0,0.24,Medium
252.0,104.0,866.0,5.6,777.0,0.11,Medium
285.0,171.0,883.0,2.55,637.0,0.48,High
142.0,146.0,246.0,2.63,552.0,0.22,Low
152.0,129.0,293.0,0.39,518.0,0.24,Low
330.0,136.0,759.0,3.05,549.0,0.17,High
203.0,87.0,951.0,7.45,684.0,0.28,Medium
200.0,168.0,412.0,0.48,214.0,0.74,Medium
199.0,127.0,635.0,2.19,150.0,0.83,Medium
243.0,84.0,707.0,7.06,468.0,0.51,Medium
344.0,128.0,850.0,7.83,782.0,0.56,High
240.0,116.0,404.0,4.55,614.0,0.13,Medium
168.0,136.0,580.0,6.98,309.0,0.16,Low
221.0,83.0,272.0,3.88,726.0,0.33,Low
282.0,146.0,715.0,4.71,778.0,0.59,High
306.0,120.0,275.0,3.98,534.0,0.77,Medium
301.0,52.0,276.0,5.8,326.0,0.64,Low
120.0,107.0,967.0,9.48,762.0,0.45,Low
275.0,81.0,609.0,0.69,367.0,0.21,Medium
147.0,80.0,813.0,5.07,215.0,0.8,Low
343.0,131.0,305.0,3.29,699.0,0.43,Medium
81.0,92.0,750.0,5.08,459.0,0.76,Low
189.0,154.0,474.0,3.13,139.0,0.76,Medium
165.0,50.0,287.0,8.2,281.0,0.92,Low
199.0,110.0,922.0,5.54,589.0,0.93,Medium
206.0,63.0,276.0,4.51,308.0,0.58,Low
334.0,55.0,276.0,2.86,372.0,0.56,Medium
262.0,152.0,641.0,2.98,218.0,0.34,Medium
95.0,59.0,739.0,4.71,481.0,0.94,Low
141.0,120.0,444.0,8.36,635.0,0.51,Low
237.0,139.0,777.0,9.67,357.0,0.21,Medium
347.0,198.0,977.0,4.39,582.0,0.49,High
114.0,175.0,581.0,3.93,608.0,0.21,Low
346.0,146.0,916.0,8.47,191.0,0.55,High
143.0,123.0,769.0,4.27,260.0,0.61,Medium
129.0,164.0,912.0,5.52,248.0,0.4,Medium
334.0,100.0,936.0,2.31,216.0,0.16,High
215.0,105.0,341.0,7.44,557.0,0.95,Low
251.0,90.0,567.0,5.32,664.0,0.8,Medium
280.0,81.0,283.0,8.09,144.0,0.85,Low
114.0,64.0,1368.0,7.81,333.0,0.43,Low
295.0,111.0,551.0,2.15,474.0,0.78,Medium
144.0,77.0,744.0,7.16,646.0,0.54,Low
87.0,113.0,351.0,8.0,296.0,0.28,Low
155.0,179.0,357.0,3.46,124.0,0.21,Low
126.0,85.0,852.0,0.03,135.0,0.22,Medium
94.0,163.0,962.0,4.51,573.0,1.0,Medium
226.0,62.0,502.0,3.52,322.0,0.14,Low
172.0,138.0,855.0,1.88,287.0,0.51,Medium
311.0,71.0,649.0,8.6,501.0,0.37,Medium
100.0,123.0,920.0,2.58,356.0,0.61,Medium
215.0,74.0,423.0,2.26,753.0,0.23,Low
236.0,150.0,242.0,4.81,235.0,0.81,Low
258.0,166.0,463.0,4.99,690.0,0.4,Medium
211.0,90.0,955.0,2.15,543.0,0.63,Medium
107.0,137.0,202.0,2.72,517.0,0.74,Low
339.0,159.0,836.0,1.7,391.0,0.9,High
155.0,169.0,467.0,7.18,673.0,0.85,Low
215.0,146.0,795.0,7.7,228.0,0.65,Medium
273.0,194.0,215.0,4.62,440.0,0.45,Medium
241.0,106.0,533.0,7.14,356.0,0.55,Medium
336.0,179.0,663.0,7.36,665.0,0.79,High
151.0,145.0,258.0,1.38,786.0,0.89,Low
166.0,170.0,376.0,9.66,199.0,0.19,Low
341.0,111.0,262.0,8.21,138.0,0.45,Medium
293.0,186.0,760.0,2.04,362.0,0.8,High
232.0,117.0,506.0,1.86,249.0,0.49,Medium
289.0,130.0,445.0,1.26,732.0,0.4,Medium
140.0,66.0,488.0,1.38,789.0,0.47,Low
347.0,166.0,997.0,7.48,429.0,0.64,High
341.0,99.0,531.0,4.7,219.0,1.0,Medium
297.0,161.0,726.0,7.83,683.0,0.54,Medium
215.0,143.0,454.0,7.46,318.0,0.29,Medium
172.0,134.0,803.0,6.05,222.0,0.25,Medium
188.0,198.0,709.0,6.86,343.0,0.14,Medium
320.0,195.0,990.0,0.18,686.0,0.6,High
221.0,123.0,917.0,3.12,617.0,0.59,Medium
316.0,158.0,805.0,6.38,120.0,0.28,High
256.0,194.0,936.0,0.09,289.0,0.73,High
220.0,67.0,662.0,0.33,324.0,0.77,Medium
268.0,91.0,398.0,8.52,714.0,0.33,Low
128.0,150.0,609.0,6.84,565.0,0.41,Low
215.0,131.0,757.0,6.88,462.0,0.44,Medium
122.0,66.0,263.0,7.92,182.0,0.78,Low
169.0,122.0,429.0,3.07,792.0,0.51,Low
271.0,181.0,445.0,9.33,155.0,0.79,Medium
185.0,131.0,786.0,3.45,121.0,0.7,Medium
312.0,197.0,356.0,1.06,679.0,0.87,Medium
116.0,169.0,901.0,7.68,621.0,0.62,Medium
120.0,96.0,763.0,2.22,677.0,0.31,Low
96.0,156.0,287.0,2.69,363.0,0.46,Low
138.0,157.0,512.0,2.43,324.0,0.78,Low
262.0,58.0,265.0,9.92,734.0,0.69,Low
120.0,128.0,861.0,1.97,137.0,0.26,Medium
118.0,64.0,219.0,5.76,222.0,0.15,Low
271.0,68.0,232.0,9.25,255.0,0.71,Low
346.0,139.0,992.0,1.47,400.0,0.33,High
206.0,141.0,272.0,9.47,744.0,0.77,Low
124.0,180.0,332.0,2.15,751.0,0.17,Low
80.0,91.0,254.0,6.34,693.0,0.27,Low
247.0,68.0,260.0,7.61,669.0,0.3,Low
187.0,66.0,719.0,9.86,760.0,0.33,Low
98.0,125.0,471.0,4.71,504.0,0.61,Low
151.0,112.0,445.0,7.66,548.0,0.55,Low
188.0,180.0,375.0,3.39,230.0,0.28,Medium
347.0,126.0,827.0,1.76,168.0,0.16,High
215.0,98.0,516.0,4.21,444.0,0.25,Medium
169.0,104.0,982.0,7.94,419.0,0.99,Medium
329.0,101.0,861.0,5.38,683.0,0.88,High
87.0,149.0,330.0,9.95,628.0,0.86,Low
232.0,166.0,301.0,3.99,259.0,0.56,Medium
294.0,95.0,609.0,3.93,632.0,0.72,Medium
256.0,95.0,921.0,6.96,234.0,0.35,Medium
254.0,149.0,694.0,9.38,210.0,0.85,Medium
225.0,193.0,560.0,5.42,382.0,0.18,Medium
240.0,103.0,537.0,7.68,619.0,0.8,Medium
206.0,111.0,778.0,0.89,293.0,0.19,Medium
161.0,178.0,209.0,2.11,146.0,0.89,Low
226.0,98.0,248.0,5.02,441.0,0.37,Low
318.0,74.0,686.0,0.2,341.0,0.69,Medium
163.0,59.0,822.0,2.53,621.0,0.54,Medium
192.0,167.0,520.0,5.17,469.0,0.43,Medium
304.0,193.0,930.0,0.15,230.0,0.68,High
322.0,141.0,768.0,2.65,369.0,0.95,High
222.0,183.0,994.0,5.14,160.0,0.14,High
120.0,193.0,824.0,5.73,263.0,0.93,Medium
337.0,197.0,332.0,9.26,624.0,0.65,Medium
184.0,129.0,782.0,6.45,371.0,0.83,Medium
281.0,120.0,282.0,4.15,232.0,0.45,Medium
345.0,127.0,256.0,9.3,343.0,0.52,Medium
289.0,92.0,575.0,7.85,533.0,0.88,Medium
130.0,139.0,548.0,2.0,137.0,0.47,Low
197.0,127.0,470.0,1.31,667.0,0.58,Medium
280.0,75.0,682.0,6.76,418.0,0.12,Medium
118.0,170.0,310.0,5.6,609.0,0.24,Low
107.0,94.0,275.0,7.9,475.0,0.68,Low
338.0,112.0,357.0,7.39,659.0,0.75,Medium
163.0,117.0,731.0,6.25,716.0,0.62,Medium
196.0,191.0,528.0,5.34,158.0,0.5,Medium
81.0,157.0,321.0,1.13,688.0,0.42,Low
172.0,79.0,240.0,8.28,598.0,0.55,Low
245.0,98.0,366.0,2.52,317.0,0.88,Medium
337.0,189.0,841.0,7.77,666.0,0.8,High
160.0,126.0,222.0,9.57,666.0,0.18,Low
347.0,62.0,609.0,6.97,228.0,0.9,Medium
314.0,127.0,962.0,5.96,482.0,0.52,High
292.0,175.0,668.0,4.6,487.0,0.77,High
141.0,147.0,599.0,3.64,184.0,0.23,Medium
128.0,75.0,208.0,3.53,609.0,0.7,Low
206.0,198.0,212.0,6.36,726.0,0.31,Low
302.0,97.0,251.0,4.71,536.0,0.49,Low
186.0,115.0,408.0,6.79,392.0,0.12,Low
225.0,136.0,749.0,1.98,148.0,0.24,Medium
178.0,128.0,609.0,4.94,166.0,0.18,Medium
152.0,72.0,904.0,7.92,228.0,0.32,Low
201.0,130.0,601.0,4.76,128.0,0.19,Medium
109.0,97.0,390.0,5.37,442.0,0.72,Low
267.0,173.0,250.0,7.71,644.0,0.13,Medium
274.0,179.0,592.0,6.61,218.0,0.66,Medium
235.0,133.0,852.0,4.09,791.0,0.23,Medium
251.0,69.0,879.0,8.95,762.0,0.95,Medium
120.0,95.0,820.0,1.63,232.0,0.94,Medium
142.0,180.0,918.0,9.96,426.0,0.3,Medium
102.0,61.0,499.0,1.19,284.0,0.65,Low
154.0,89.0,821.0,0.15,605.0,0.13,Medium
127.0,115.0,395.0,8.9,745.0,0.94,Low
239.0,149.0,616.0,2.45,788.0,0.57,Medium
197.0,127.0,863.0,7.3,633.0,0.14,Medium
179.0,65.0,619.0,8.11,340.0,0.41,Low
246.0,132.0,954.0,8.59,688.0,0.17,Medium
235.0,93.0,839.0,9.92,615.0,0.45,Medium
86.0,183.0,816.0,2.94,264.0,0.7,Medium
215.0,71.0,555.0,1.15,656.0,0.45,Low
272.0,67.0,347.0,4.07,317.0,0.21,Low
126.0,61.0,564.0,8.48,747.0,0.32,Low
227.0,172.0,563.0,3.68,779.0,0.19,Medium
236.0,166.0,851.0,5.91,704.0,0.83,Medium
281.0,100.0,901.0,5.04,104.0,0.22,Medium
205.0,120.0,601.0,6.46,767.0,0.64,Medium
143.0,97.0,805.0,9.73,180.0,0.41,Low
255.0,68.0,691.0,0.56,346.0,0.3,Medium
195.0,55.0,428.0,5.74,592.0,0.68,Low
283.0,133.0,774.0,8.63,748.0,0.51,Medium
110.0,102.0,736.0,4.81,485.0,0.46,Low
192.0,156.0,467.0,0.79,674.0,0.63,Medium
146.0,150.0,604.0,5.61,406.0,0.54,Low
154.0,97.0,992.0,3.32,727.0,0.37,Medium
124.0,184.0,210.0,4.71,724.0,0.6,Low
215.0,118.0,519.0,8.49,642.0,0.7,Medium
233.0,60.0,912.0,5.22,106.0,0.12,Medium
234.0,192.0,325.0,9.33,614.0,0.52,Medium
130.0,171.0,901.0,6.93,172.0,0.27,Medium
341.0,118.0,710.0,0.05,109.0,0.6,High
204.0,72.0,288.0,4.28,672.0,0.88,Low
109.0,58.0,827.0,9.11,221.0,0.16,Low
201.0,64.0,551.0,1.75,786.0,0.48,Low
204.0,180.0,888.0,2.86,612.0,0.62,High
116.0,142.0,213.0,4.71,540.0,0.23,Low
249.0,66.0,456.0,2.63,137.0,0.79,Medium
203.0,198.0,408.0,2.1,690.0,0.77,Medium
114.0,121.0,480.0,5.99,444.0,0.91,Low
166.0,198.0,642.0,0.89,437.0,0.11,Medium
213.0,170.0,588.0,4.71,283.0,0.3,Medium
275.0,60.0,816.0,3.72,166.0,0.84,Medium
280.0,121.0,682.0,7.21,116.0,0.7,Medium
156.0,155.0,346.0,5.55,482.0,0.9,Low
138.0,174.0,478.0,4.23,467.0,0.15,Low
205.0,84.0,720.0,5.66,415.0,0.64,Medium
188.0,168.0,829.0,3.65,596.0,0.61,Medium
303.0,63.0,805.0,9.36,444.0,0.13,Medium
147.0,63.0,633.0,0.55,652.0,0.56,Low
148.0,59.0,343.0,6.73,572.0,0.65,Low
244.0,189.0,488.0,4.71,214.0,0.27,Medium
241.0,87.0,585.0,8.04,199.0,0.35,Medium
215.0,157.0,213.0,1.84,537.0,0.68,Low
188.0,168.0,456.0,2.96,444.0,0.52,Medium
130.0,83.0,545.0,7.17,448.0,0.87,Low
329.0,59.0,897.0,0.84,238.0,0.41,High
100.0,171.0,544.0,8.12,423.0,0.34,Low
218.0,194.0,599.0,4.71,401.0,0.99,Medium
171.0,194.0,406.0,7.3,393.0,0.92,Low
204.0,164.0,371.0,1.0,628.0,0.13,Medium
190.0,50.0,663.0,7.18,391.0,0.79,Low
218.0,61.0,469.0,6.8,173.0,0.2,Low
178.0,152.0,420.0,8.31,583.0,0.12,Low
331.0,126.0,351.0,0.42,115.0,0.35,Medium
183.0,190.0,822.0,0.23,625.0,0.34,Medium
293.0,147.0,382.0,3.73,435.0,0.84,Medium
328.0,155.0,598.0,1.49,615.0,0.74,High
231.0,134.0,271.0,5.58,226.0,0.98,Low
329.0,170.0,617.0,9.17,617.0,0.74,Medium
244.0,181.0,482.0,3.91,228.0,0.48,Medium
224.0,179.0,926.0,1.69,484.0,0.74,High
180.0,61.0,696.0,0.3,331.0,0.79,Medium
243.0,130.0,527.0,3.28,294.0,0.94,Medium
226.0,123.0,734.0,9.08,164.0,0.2,Medium
143.0,147.0,779.0,0.97,714.0,0.73,Medium
170.0,55.0,646.0,6.06,376.0,0.87,Low
196.0,185.0,572.0,4.51,769.0,0.96,Medium
346.0,174.0,561.0,9.38,323.0,0.29,Medium
252.0,100.0,292.0,1.23,377.0,0.55,Medium
126.0,60.0,520.0,2.12,793.0,0.71,Low
219.0,176.0,523.0,0.3,465.0,0.32,Medium
215.0,189.0,583.0,4.34,615.0,0.64,High
228.0,122.0,774.0,2.78,314.0,0.33,Medium
215.0,51.0,935.0,8.7,538.0,0.4,Medium
84.0,57.0,936.0,6.05,527.0,0.5,Low
99.0,173.0,302.0,5.32,308.0,0.5,Low
125.0,102.0,414.0,0.92,600.0,0.54,Low
91.0,59.0,391.0,4.45,562.0,0.37,Low
149.0,161.0,871.0,10.0,685.0,0.24,Medium
226.0,85.0,980.0,8.93,474.0,0.28,Medium
233.0,155.0,1572.0,8.23,599.0,0.62,Medium
187.0,63.0,579.0,1.03,192.0,0.81,Low
315.0,135.0,602.0,2.27,559.0,0.25,High
149.0,198.0,863.0,0.03,676.0,0.2,Medium
262.0,99.0,948.0,3.04,420.0,0.77,High
329.0,69.0,799.0,1.09,109.0,0.37,High
307.0,136.0,210.0,4.73,402.0,0.96,Medium
181.0,184.0,386.0,6.77,421.0,0.74,Low
154.0,186.0,925.0,8.75,555.0,0.39,Medium
295.0,178.0,214.0,7.49,377.0,0.36,Medium
282.0,87.0,977.0,9.39,697.0,0.57,Medium
328.0,135.0,610.0,0.12,492.0,0.21,High
321.0,93.0,784.0,6.61,194.0,0.26,Medium
258.0,123.0,251.0,2.89,206.0,0.8,Medium
298.0,168.0,839.0,2.54,489.0,0.56,High
171.0,183.0,776.0,2.7,772.0,0.71,Medium
254.0,194.0,216.0,5.11,170.0,0.48,Medium
318.0,100.0,550.0,4.4,763.0,0.56,Medium
339.0,87.0,627.0,5.12,686.0,0.29,Medium
242.0,100.0,849.0,6.73,475.0,0.6,Medium
127.0,59.0,428.0,3.87,467.0,0.98,Low
195.0,169.0,965.0,2.51,150.0,0.17,High
304.0,198.0,409.0,1.66,242.0,0.36,High
226.0,119.0,630.0,3.49,518.0,0.32,Medium
142.0,134.0,493.0,7.42,647.0,0.32,Low
92.0,106.0,942.0,7.57,599.0,0.44,Low
268.0,175.0,952.0,6.67,266.0,0.84,High
287.0,88.0,781.0,2.34,359.0,0.92,Medium
193.0,82.0,303.0,5.88,291.0,0.28,Low
101.0,67.0,403.0,5.71,301.0,0.59,Low
250.0,145.0,574.0,5.5,257.0,0.57,Medium
215.0,97.0,253.0,4.92,721.0,0.49,Low
205.0,91.0,475.0,5.65,198.0,0.27,Low
283.0,76.0,534.0,7.16,340.0,0.54,Medium
273.0,123.0,230.0,1.1,590.0,0.46,Medium
248.0,159.0,334.0,7.5,301.0,0.82,Medium
231.0,81.0,1028.0,1.36,733.0,0.79,Low
114.0,75.0,304.0,0.67,608.0,0.22,Low
136.0,124.0,721.0,9.57,195.0,0.92,Low
301.0,72.0,695.0,0.6,589.0,0.58,Medium
242.0,106.0,452.0,4.43,678.0,0.87,Medium
98.0,175.0,609.0,1.86,317.0,0.15,Low
343.0,136.0,867.0,4.85,626.0,0.57,High
192.0,80.0,357.0,8.3,372.0,0.59,Low
109.0,113.0,748.0,9.51,318.0,0.87,Low
214.0,82.0,830.0,6.34,758.0,0.19,Medium
146.0,51.0,266.0,3.54,431.0,0.32,Low
144.0,67.0,953.0,6.03,552.0,0.47,Medium
104.0,133.0,498.0,3.12,251.0,0.88,Low
116.0,84.0,662.0,9.1,446.0,0.94,Low
80.0,163.0,924.0,8.7,513.0,0.99,Low
116.0,195.0,300.0,5.58,626.0,0.96,Low
215.0,159.0,255.0,3.25,530.0,0.11,Medium
311.0,137.0,531.0,2.93,478.0,0.14,Medium
215.0,121.0,950.0,0.33,527.0,0.23,Medium
267.0,126.0,592.0,8.16,183.0,0.41,Medium
207.0,126.0,942.0,4.5,291.0,0.85,Medium
280.0,102.0,580.0,3.25,140.0,0.9,Medium
206.0,187.0,291.0,4.71,408.0,0.27,Medium
336.0,136.0,990.0,8.19,477.0,0.66,High
243.0,188.0,646.0,1.25,235.0,0.93,Medium
114.0,62.0,308.0,4.71,205.0,0.52,Low
273.0,89.0,516.0,8.98,618.0,0.19,Medium
270.0,138.0,367.0,9.47,641.0,0.51,Medium
183.0,117.0,634.0,3.97,225.0,0.44,Medium
102.0,91.0,641.0,2.17,456.0,0.62,Low
344.0,196.0,417.0,3.74,499.0,0.49,High
339.0,143.0,421.0,3.33,178.0,0.12,Medium
154.0,68.0,872.0,1.76,488.0,0.99,Medium
151.0,72.0,727.0,6.07,678.0,0.59,Low
215.0,103.0,477.0,4.77,634.0,0.53,Medium
267.0,114.0,768.0,8.66,173.0,0.96,Medium
252.0,189.0,773.0,0.32,104.0,0.24,High
124.0,73.0,665.0,6.44,562.0,0.27,Low
140.0,83.0,953.0,7.63,181.0,0.83,Medium
162.0,102.0,801.0,7.59,636.0,0.33,Medium
202.0,185.0,783.0,8.86,504.0,0.82,Medium
145.0,106.0,558.0,9.28,377.0,0.13,Low
224.0,161.0,487.0,3.33,323.0,0.57,Medium
241.0,54.0,285.0,5.03,683.0,0.28,Low
313.0,62.0,433.0,0.14,167.0,0.78,Medium
223.0,132.0,946.0,0.07,419.0,0.68,High
267.0,78.0,512.0,2.4,705.0,0.93,Medium
92.0,52.0,564.0,1.01,118.0,0.8,Low
263.0,139.0,976.0,2.6,739.0,0.26,High
190.0,153.0,998.0,1.77,442.0,0.82,High
294.0,172.0,468.0,0.29,693.0,0.68,Medium
199.0,125.0,897.0,9.09,442.0,0.7,Medium
134.0,179.0,330.0,0.08,196.0,0.85,Low
106.0,157.0,988.0,7.36,151.0,0.62,Medium
197.0,131.0,550.0,1.52,274.0,0.52,Medium
300.0,126.0,379.0,9.12,437.0,0.67,Medium
310.0,51.0,679.0,8.93,793.0,0.37,Medium
132.0,176.0,362.0,6.54,452.0,0.26,Low
312.0,184.0,982.0,6.72,490.0,0.65,High
237.0,75.0,295.0,0.05,214.0,0.31,Low
348.0,137.0,973.0,9.85,447.0,0.17,High
100.0,65.0,709.0,8.78,100.0,0.1,Low
132.0,122.0,564.0,8.95,162.0,0.65,Low
293.0,81.0,552.0,6.59,325.0,0.43,Medium
110.0,64.0,999.0,3.45,522.0,0.78,Medium
262.0,190.0,635.0,8.94,118.0,0.44,Medium
102.0,54.0,282.0,2.92,130.0,0.54,Low
111.0,123.0,424.0,5.63,732.0,0.47,Low
153.0,101.0,611.0,1.0,123.0,0.69,Low
89.0,126.0,934.0,9.22,310.0,0.42,Low
133.0,159.0,317.0,1.41,260.0,0.97,Low
131.0,192.0,681.0,2.25,354.0,0.94,Medium
227.0,155.0,609.0,5.58,670.0,0.86,Medium
239.0,176.0,609.0,7.64,213.0,0.93,Medium
93.0,56.0,789.0,6.19,603.0,0.5,Low
257.0,89.0,858.0,2.32,771.0,0.58,Medium
132.0,148.0,306.0,0.01,319.0,0.77,Low
101.0,192.0,581.0,7.57,456.0,0.73,Low
109.0,134.0,982.0,9.85,268.0,0.9,Medium
270.0,114.0,589.0,8.1,623.0,0.74,Medium
339.0,181.0,443.0,4.6,341.0,1.0,High
284.0,60.0,784.0,9.04,474.0,0.41,Medium
138.0,157.0,667.0,4.1,238.0,0.85,Medium
343.0,75.0,737.0,5.25,196.0,0.73,Medium
91.0,134.0,409.0,4.77,246.0,0.72,Low
198.0,172.0,803.0,4.48,281.0,0.39,Medium
327.0,126.0,836.0,7.75,156.0,0.81,High
206.0,117.0,272.0,5.27,141.0,0.91,Low
154.0,153.0,834.0,3.17,642.0,0.3,Medium
283.0,129.0,508.0,2.58,791.0,0.66,Medium
128.0,102.0,895.0,0.38,101.0,0.45,Medium
158.0,155.0,898.0,5.83,387.0,0.99,Medium
320.0,93.0,909.0,2.3,237.0,0.53,High
233.0,189.0,789.0,1.48,716.0,0.31,High
175.0,139.0,385.0,6.54,611.0,0.44,Low
215.0,150.0,452.0,6.81,321.0,0.69,Medium
288.0,146.0,212.0,7.52,430.0,0.17,Medium
167.0,58.0,498.0,5.04,716.0,0.64,Low
343.0,61.0,275.0,8.94,503.0,0.94,Low
236.0,118.0,250.0,9.36,607.0,0.87,Low
235.0,77.0,986.0,8.07,226.0,0.16,Medium
218.0,105.0,348.0,6.36,364.0,0.99,Low
200.0,148.0,930.0,3.04,114.0,0.73,Medium
144.0,159.0,321.0,9.83,325.0,0.25,Low
186.0,126.0,410.0,2.74,204.0,0.11,Low
216.0,155.0,737.0,4.42,418.0,0.85,Medium
241.0,158.0,884.0,0.57,318.0,0.12,High
179.0,161.0,355.0,9.78,376.0,0.31,Low
220.0,107.0,437.0,5.88,440.0,0.78,Low
162.0,127.0,575.0,5.57,551.0,0.63,Low
256.0,124.0,281.0,6.56,468.0,0.8,Low
277.0,91.0,691.0,4.97,573.0,0.77,Medium
191.0,117.0,555.0,0.32,289.0,0.15,Medium
135.0,82.0,472.0,6.12,518.0,0.9,Low
258.0,120.0,609.0,7.16,594.0,0.3,Medium
265.0,105.0,243.0,4.17,138.0,0.6,Low
297.0,154.0,772.0,7.57,261.0,0.68,Medium
296.0,150.0,322.0,2.27,220.0,0.25,Medium
199.0,100.0,548.0,2.21,498.0,0.98,Medium
254.0,123.0,907.0,1.61,361.0,0.54,High
102.0,170.0,529.0,3.72,660.0,0.15,Low
292.0,192.0,608.0,8.47,703.0,0.94,Medium
314.0,192.0,522.0,8.28,228.0,0.63,Medium
92.0,54.0,310.0,3.83,639.0,0.73,Low
180.0,132.0,969.0,5.89,455.0,0.57,Medium
103.0,100.0,288.0,7.21,759.0,0.85,Low
90.0,59.0,632.0,2.41,531.0,0.13,Low
173.0,189.0,909.0,1.68,164.0,0.34,Medium
280.0,53.0,993.0,9.72,317.0,0.52,Medium
100.0,144.0,911.0,6.18,662.0,0.17,Medium
290.0,195.0,298.0,9.81,526.0,0.74,Medium
219.0,129.0,738.0,3.38,173.0,0.45,Medium
180.0,85.0,800.0,7.03,559.0,0.35,Medium
107.0,74.0,345.0,2.23,524.0,0.1,Low
120.0,147.0,893.0,2.61,291.0,0.75,Medium
225.0,150.0,456.0,5.12,288.0,0.85,Medium
335.0,58.0,388.0,3.2,111.0,0.46,Medium
315.0,102.0,609.0,2.63,692.0,0.3,Medium
92.0,195.0,907.0,0.36,552.0,0.66,Medium
289.0,112.0,876.0,7.04,482.0,0.11,Medium
308.0,170.0,470.0,4.92,147.0,0.54,Medium
110.0,53.0,749.0,1.72,308.0,0.93,Low
95.0,142.0,313.0,1.03,646.0,0.44,Low
216.0,77.0,538.0,4.71,218.0,0.79,Low
245.0,129.0,767.0,0.94,676.0,0.64,Medium
179.0,125.0,558.0,7.54,414.0,0.93,Low
188.0,165.0,849.0,0.21,135.0,0.46,Medium
252.0,126.0,813.0,2.49,562.0,0.39,Medium
316.0,147.0,533.0,8.91,653.0,0.9,Medium
241.0,50.0,888.0,7.19,680.0,0.14,Medium
295.0,145.0,368.0,0.73,502.0,0.22,Medium
343.0,66.0,538.0,8.21,206.0,0.17,Medium
342.0,161.0,997.0,4.93,138.0,0.86,High
82.0,140.0,460.0,8.47,680.0,0.11,Low
107.0,137.0,934.0,6.01,279.0,0.88,Medium
228.0,139.0,398.0,4.71,111.0,0.51,Medium
107.0,98.0,410.0,9.94,438.0,0.1,Low
144.0,87.0,486.0,2.32,647.0,0.46,Low
100.0,199.0,891.0,6.24,225.0,0.27,Medium
331.0,181.0,961.0,4.6,162.0,0.66,High
215.0,108.0,609.0,0.39,181.0,0.71,High
306.0,117.0,671.0,0.14,398.0,0.54,High
92.0,179.0,681.0,1.19,133.0,0.14,Medium
128.0,98.0,222.0,6.49,708.0,0.69,Low
197.0,175.0,759.0,5.67,148.0,0.86,Medium
133.0,160.0,609.0,5.53,757.0,0.75,Low
217.0,97.0,495.0,0.32,736.0,0.85,Medium
132.0,100.0,205.0,4.69,156.0,0.28,Low
215.0,92.0,749.0,9.25,208.0,0.9,Low
132.0,147.0,880.0,3.98,616.0,0.39,Medium
153.0,173.0,994.0,6.25,123.0,0.11,Medium
125.0,129.0,402.0,7.8,320.0,0.86,Low
92.0,126.0,524.0,7.84,414.0,0.95,Low
244.0,192.0,984.0,5.19,393.0,0.69,High
181.0,76.0,443.0,8.58,109.0,0.31,Low
337.0,162.0,526.0,3.91,776.0,0.33,High
217.0,135.0,246.0,8.89,580.0,0.52,Low
242.0,163.0,960.0,2.4,737.0,0.91,High
190.0,173.0,790.0,2.8,366.0,0.23,Medium
181.0,98.0,821.0,0.53,187.0,0.84,Medium
96.0,125.0,212.0,7.96,554.0,0.36,Low
347.0,104.0,579.0,4.17,725.0,0.83,Medium
261.0,105.0,564.0,2.29,632.0,0.93,Medium
103.0,144.0,801.0,2.32,247.0,0.48,Medium
108.0,93.0,541.0,9.01,530.0,0.43,Low
307.0,133.0,420.0,5.54,165.0,0.58,Medium
267.0,65.0,272.0,6.16,477.0,0.72,Low
309.0,198.0,945.0,4.74,487.0,0.66,High
198.0,194.0,971.0,3.92,308.0,0.24,High
235.0,86.0,824.0,9.15,514.0,0.86,Medium
254.0,126.0,245.0,1.26,115.0,0.28,Medium
183.0,196.0,703.0,4.18,396.0,0.94,Medium
265.0,195.0,754.0,4.98,466.0,0.76,High
215.0,111.0,407.0,4.58,328.0,0.36,Medium
249.0,149.0,814.0,5.19,730.0,0.39,Medium
254.0,68.0,209.0,5.13,789.0,0.77,Low
301.0,158.0,528.0,2.42,631.0,0.6,Medium
312.0,93.0,386.0,1.84,549.0,0.89,Medium
241.0,56.0,609.0,0.65,135.0,0.38,Medium
213.0,166.0,867.0,7.63,521.0,0.72,Medium
303.0,117.0,1036.0,4.27,719.0,0.78,Medium
232.0,83.0,960.0,6.27,288.0,0.24,Medium
112.0,118.0,981.0,7.28,277.0,0.46,Medium
134.0,104.0,641.0,6.79,707.0,0.53,Low
86.0,59.0,416.0,4.71,414.0,0.42,Low
323.0,91.0,201.0,3.88,119.0,0.39,Medium
205.0,90.0,735.0,3.76,775.0,0.72,Medium
91.0,171.0,917.0,6.4,481.0,0.29,Medium
95.0,187.0,910.0,4.95,708.0,0.74,Medium
215.0,59.0,555.0,8.49,242.0,0.94,Medium
122.0,151.0,825.0,8.75,161.0,0.61,Medium
214.0,177.0,991.0,1.71,341.0,0.65,High
307.0,198.0,866.0,1.36,337.0,0.16,High
190.0,185.0,364.0,6.3,230.0,0.88,Low
343.0,162.0,609.0,0.19,702.0,0.65,Medium
304.0,127.0,366.0,8.89,744.0,0.98,Medium
296.0,134.0,406.0,2.27,222.0,0.64,Medium
124.0,79.0,481.0,9.29,539.0,0.75,Low
215.0,98.0,264.0,7.17,441.0,0.5,Low
138.0,58.0,715.0,7.63,518.0,0.15,Low
211.0,194.0,356.0,2.01,729.0,0.82,Medium
183.0,118.0,960.0,2.34,554.0,0.13,Medium
274.0,107.0,968.0,5.21,297.0,0.73,High
236.0,111.0,946.0,1.72,381.0,0.12,Medium
177.0,101.0,505.0,3.05,100.0,0.88,Low
305.0,89.0,594.0,3.21,431.0,0.24,Medium
284.0,112.0,273.0,1.6,311.0,0.56,Medium
158.0,196.0,386.0,2.05,186.0,0.64,Medium
203.0,99.0,773.0,7.89,764.0,0.51,Medium
297.0,190.0,609.0,1.67,798.0,0.41,High
83.0,127.0,875.0,0.28,160.0,0.52,Medium
169.0,146.0,767.0,6.29,194.0,0.38,Medium
183.0,92.0,822.0,9.76,652.0,0.49,Medium
198.0,85.0,929.0,3.31,246.0,0.42,Medium
212.0,171.0,439.0,1.19,345.0,0.61,Medium
175.0,157.0,732.0,5.7,743.0,0.31,Medium
107.0,144.0,464.0,7.84,222.0,0.55,Low
312.0,55.0,338.0,6.23,754.0,0.27,Medium
215.0,106.0,658.0,3.15,793.0,0.53,Low
138.0,178.0,269.0,5.42,555.0,0.88,Low
169.0,120.0,584.0,0.91,498.0,0.12,Medium
278.0,70.0,829.0,6.79,330.0,0.71,Medium
105.0,141.0,397.0,7.25,633.0,0.59,Low
104.0,176.0,404.0,9.65,501.0,0.25,Low
346.0,129.0,609.0,2.6,691.0,0.84,High
260.0,105.0,767.0,0.18,229.0,0.43,Medium
147.0,165.0,998.0,5.46,391.0,0.36,Medium
128.0,197.0,886.0,7.07,375.0,0.85,Medium
254.0,74.0,839.0,7.9,475.0,0.67,Medium
131.0,54.0,630.0,1.94,154.0,0.91,Low
215.0,169.0,524.0,2.62,677.0,0.67,Medium
295.0,70.0,641.0,5.13,125.0,0.77,Medium
267.0,67.0,487.0,3.31,540.0,0.85,Medium
136.0,106.0,425.0,8.61,296.0,0.15,Low
126.0,142.0,263.0,4.74,741.0,0.8,Low
238.0,68.0,759.0,8.0,342.0,0.65,Medium
253.0,177.0,913.0,5.81,289.0,0.16,High
321.0,146.0,697.0,7.73,667.0,0.56,Medium
320.0,180.0,259.0,3.33,666.0,0.17,Medium
163.0,89.0,456.0,2.75,508.0,0.59,Low
327.0,116.0,776.0,5.46,439.0,0.96,High
133.0,176.0,438.0,2.14,252.0,0.26,Low
240.0,104.0,237.0,4.76,664.0,0.65,Low
305.0,158.0,224.0,3.18,497.0,0.29,Medium
94.0,147.0,609.0,2.67,543.0,0.65,Low
303.0,161.0,660.0,9.67,722.0,0.75,Medium
140.0,164.0,770.0,1.6,526.0,0.75,Medium
125.0,136.0,556.0,9.84,303.0,0.87,Low
141.0,130.0,582.0,0.2,211.0,0.17,Medium
165.0,115.0,357.0,6.99,424.0,0.41,Low
289.0,68.0,768.0,2.53,357.0,0.72,Medium
157.0,184.0,632.0,0.4,627.0,0.55,Medium
281.0,167.0,247.0,4.03,449.0,0.27,Medium
302.0,91.0,527.0,9.35,777.0,0.6,Medium
301.0,91.0,632.0,0.12,534.0,0.47,Medium
82.0,108.0,630.0,5.88,525.0,0.45,Low
172.0,122.0,776.0,8.73,470.0,0.47,Medium
87.0,66.0,467.0,0.84,769.0,0.12,Low
314.0,76.0,609.0,6.82,348.0,0.15,Low
187.0,51.0,927.0,6.8,280.0,0.87,Medium
240.0,112.0,800.0,6.69,750.0,0.96,Medium
288.0,111.0,648.0,9.42,177.0,0.72,Medium
129.0,68.0,456.0,0.42,149.0,0.94,Low
90.0,66.0,871.0,4.71,184.0,0.7,Low
235.0,118.0,689.0,3.98,794.0,0.86,Medium
149.0,166.0,945.0,3.1,794.0,0.79,Medium
248.0,130.0,842.0,4.51,103.0,0.44,Medium
147.0,88.0,248.0,3.84,416.0,0.53,Low
331.0,85.0,858.0,4.32,210.0,0.27,High
263.0,78.0,612.0,0.89,232.0,0.8,Medium
266.0,100.0,633.0,9.22,711.0,0.9,Medium
169.0,63.0,201.0,4.8,783.0,0.75,Low
218.0,118.0,344.0,6.24,218.0,0.52,Low
168.0,195.0,565.0,4.71,449.0,0.18,Medium
98.0,106.0,619.0,3.6,786.0,0.15,Low
233.0,61.0,772.0,4.3,641.0,0.44,Medium
339.0,66.0,984.0,4.1,154.0,0.52,High
187.0,79.0,609.0,3.75,460.0,0.65,Medium
138.0,137.0,643.0,9.26,552.0,0.11,Low
204.0,148.0,633.0,8.29,652.0,0.99,Medium
186.0,72.0,842.0,1.09,784.0,0.43,Medium
324.0,178.0,754.0,1.08,429.0,0.86,High
326.0,128.0,256.0,4.28,318.0,0.58,Medium
87.0,81.0,761.0,0.99,307.0,0.22,Low
220.0,58.0,377.0,6.19,769.0,0.82,Low
87.0,64.0,492.0,1.44,184.0,0.74,Low
173.0,76.0,245.0,5.22,784.0,0.57,Low
118.0,158.0,369.0,0.07,344.0,0.56,Low
160.0,125.0,470.0,3.17,784.0,0.18,Low
266.0,197.0,616.0,6.77,434.0,0.69,Medium
167.0,158.0,446.0,9.78,695.0,0.18,Low
321.0,178.0,347.0,8.74,784.0,0.34,Medium
172.0,59.0,429.0,3.59,282.0,0.91,Low
165.0,126.0,991.0,0.45,232.0,0.36,Medium
215.0,172.0,836.0,8.46,449.0,0.69,Medium
216.0,108.0,903.0,9.11,381.0,0.58,Medium
153.0,126.0,573.0,8.21,392.0,0.64,Low
115.0,152.0,279.0,1.28,368.0,0.47,Low
180.0,173.0,805.0,9.98,296.0,0.37,Medium
235.0,135.0,937.0,2.59,636.0,0.14,High
334.0,195.0,264.0,7.24,752.0,0.77,Medium
250.0,161.0,287.0,9.08,119.0,0.77,Low
295.0,76.0,287.0,2.36,504.0,0.7,Medium
249.0,67.0,912.0,9.08,214.0,0.68,Medium
331.0,131.0,925.0,3.09,125.0,0.32,High
134.0,121.0,403.0,9.76,665.0,0.12,Low
170.0,103.0,581.0,2.81,781.0,0.83,Low
180.0,120.0,800.0,9.53,494.0,0.54,Medium
215.0,195.0,675.0,0.54,480.0,0.38,High
215.0,87.0,772.0,7.09,622.0,0.19,Medium
252.0,186.0,982.0,5.32,638.0,0.16,High
89.0,84.0,805.0,4.78,182.0,0.41,Low
307.0,131.0,738.0,2.23,649.0,0.82,High
344.0,182.0,413.0,7.06,544.0,0.93,Medium
327.0,191.0,273.0,1.91,186.0,0.91,Medium
234.0,199.0,897.0,2.53,767.0,0.92,High
113.0,72.0,742.0,9.56,497.0,0.57,Low
208.0,97.0,418.0,0.29,385.0,0.3,Medium
239.0,197.0,211.0,2.0,797.0,0.82,Medium
168.0,174.0,614.0,2.42,793.0,0.29,Medium
172.0,104.0,924.0,4.14,468.0,0.34,Low
320.0,117.0,359.0,2.33,754.0,0.31,Medium
196.0,137.0,436.0,4.91,521.0,0.56,Low
173.0,50.0,938.0,8.72,753.0,0.39,Low
242.0,184.0,380.0,7.12,796.0,0.24,Medium
178.0,144.0,757.0,5.8,542.0,0.51,Medium
192.0,189.0,540.0,0.89,619.0,0.89,Medium
170.0,155.0,657.0,6.94,683.0,0.61,Medium
285.0,182.0,279.0,1.66,387.0,0.89,Medium
96.0,157.0,846.0,7.86,194.0,0.28,Low
252.0,91.0,971.0,2.5,768.0,0.25,Medium
